original,modern translation
됴션국셰둉ᄃᆡ왕즉위십오연의홍희문밧긔ᄒᆞᆫᄌᆡ상이잇스되셩은홍이요명은문이니위인이쳥염강직ᄒᆞ여덩망이거록ᄒᆞ니당셰의영웅이라일직용문의올나벼살이할림의쳐ᄒᆞ엿더니명망이됴졍의읏듬되ᄆᆡ젼하그덕망을승이녀긔ᄉᆞ벼살을도도와이조판셔로좌으졍을ᄒᆞ이시니승상이국은을감동ᄒᆞ야갈츙보국ᄒᆞ니ᄉᆞ방의일이업고도젹이업스ᄆᆡ시화연풍ᄒᆞ여나라이ᄐᆡ평ᄒᆞ더라,"조선국 세종대왕 즉위 십오년에 홍회문 밖에 한 재상이 있으되, 성은 홍이요, 명은 문이니, 위인이 청렴강직하여 덕망이 거룩하니 당세의 영웅이라. 일찍 용문에 올라 벼슬이 한림에 처하였더니 명망이 조정의 으뜸 되매, 전하 그 덕망을 승히 여기사 벼슬을 돋우어 이조판서로 좌의정을 하게 하시니, 승상이 국은을 감동하여 갈충보국하니 사방에 일이 업고 도적이 없으매 시화연풍하여 나라가 태평하더라."
일일은승상난간의비겨잠ᄀᆞᆫ조의더니ᄒᆞᆫ풍이긜을인도ᄒᆞ여ᄒᆞᆫ고듸다다르니쳥산은암암ᄒᆞ고녹슈난양양ᄒᆞᆫ듸셰류쳔만ᄀᆞ지녹음이파ᄉᆞᄒᆞ고황금갓ᄐᆞᆫᄭᅬᄭᅩ리난춘흥을희롱ᄒᆞ여냥뉴간의왕ᄂᆡᄒᆞ며긔화요초만발ᄒᆞᆫᄃᆡ쳥학ᄇᆡᆨ학이며비취공작이춘광을ᄌᆞ랑ᄒᆞ거날승상이경물을귀경ᄒᆞ며졈졈드러가니만쟝졀벽은하날의다엇고구뷔구뷔벽계슈난골골이폭포되어오운이어러엿난ᄃᆡ길이ᄭᅳᆫ쳐갈바을모로더니문득쳥용이물결을혜치고머리을드러고함ᄒᆞ니산학이믄허지난듯ᄒᆞ더니그용이입을버리고긔운을토ᄒᆞ여승상의입으로드러뵈거날ᄭᆡ다르니평ᄉᆡᆼᄃᆡ몽이라ᄂᆡ염의혜아리되피련군ᄌᆞ을나희리라ᄒᆞ여즉시ᄂᆡ당의드러ᄀᆞ시비을믈이치고부인을익그러취침코져ᄒᆞ니부인이졍ᄉᆡᆨ왈승상은국지ᄌᆡ상이라쳬위존즁ᄒᆞ시거날ᄇᆡᆨ쥬의졍실의드러와노류장화갓치ᄒᆞ시니ᄌᆡ상의쳬면이어ᄃᆡ잇난잇ᄀᆞ승상이ᄉᆡᆼ각ᄒᆞ신직말ᄉᆞᆷ은당연ᄒᆞ오나ᄃᆡ몽을허송할가ᄒᆞ야몽ᄉᆞ을이르지아니ᄒᆞ지고연ᄒᆞ여간쳥ᄒᆞ시니부인이옷슬ᄯᅥᆯ치고밧그로나가시니승상이무류ᄒᆞ신즁의부인의도도ᄒᆞᆫ고집을ᄋᆡ달나무슈히ᄎᆞ탄ᄒᆞ시고외당으로나오시니마ᄎᆞᆷ시비춘셤이상을드리거날좌우고요ᄒᆞ믈인ᄒᆞ여춘셤을잇글고원앙지낙을일의시니져긔울화을더르시나심ᄂᆡ의못ᄂᆡ한탄ᄒᆞ시더라,"일일은 승상 난간에 비겨 잠깐 졸더니, 한풍이 길을 인도하여 한 곳에 다다르니, 청산은 암암하고 녹수는 양양한데 세류 천만 가지 녹음이 파사하고, 황금 같은 꾀꼬리는 춘흥을 희롱하여 양류간에 왕래하며 기화요초 만발한데, 청학 백학이며 비취 공작이 춘광을 자랑하거늘, 승상이 경물을 구경하며 점점 들어가니, 만장절벽은 하늘에 닿았고, 굽이굽이 벽계수는 골골이 폭포되어 오운이 어리었는데, 길이 끊어져 갈 바를 모르더니, 문득 청룡이 물결을 헤치고 머리를 들어 고함 하니 산학이 무너지는 듯하더니, 그 용이 입을 벌리고 기운을 토하여 승상의 입으로 들어오거늘, 깨달으니 평생 대몽이라.
내염에 헤아리되 ""필연 군자를 낳으리라."" 하여, 즉시 내당에 들어가 시비를 물리치고 부인을 이끌어 취침코자 하니, 부인이 정색 왈,
""승상은 국지재상이라, 체위 존중하시거늘 백주에 정실에 들어와 노류장화같이 하시니 재상의 체면이 어디에 있나이까?""
승상이 생각하신 즉, 말씀은 당연하오나 대몽을 허송할까 하여 몽사를 이르지 아니하시고 연하여 간청하시니, 부인이 옷을 떨치고 밖으로 나가시니, 승상이 무료하신 중에 부인의 도도한 고집을 애달아 무수히 차탄하시고 외당으로 나오시니, 마침 시비 춘섬이 상을 드리거늘, 좌우 고요함을 인하여 춘섬을 이끌고 원앙지낙을 이루시니 적이 울화를 덜으시나 심내에 못내 한탄하시더라."
춘셤이비록쳔인이나ᄌᆡ덕이순직ᄒᆞᆫ지라불의예승상으위엄으로친근ᄒᆞ시니감이위령치못ᄒᆞ여순종ᄒᆞᆫ후로난그날븟텀즁문밧긔나지아니ᄒᆞ고ᄒᆡᆼ실을닥그니그달봇텀ᄐᆡ긔잇셔십ᄉᆡᆨ이당ᄒᆞᄆᆡ거쳐ᄒᆞ는방의오ᄉᆡᆨ운무영농ᄒᆞ며향ᄂᆡ긔히ᄒᆞ더니혼미즁의ᄒᆡᄐᆡᄒᆞ니일ᄀᆡ긔남ᄌᆞ라ᄉᆞᆷ일후의승상이드러와보시니일변긧거오나그쳔ᄉᆡᆼ되믈앗긔시더라일홈을길동이라ᄒᆞ니라이아희졈졈ᄌᆞ라ᄆᆡ긔골이비상ᄒᆞ여ᄒᆞᆫ말을드르면열말을알고ᄒᆞᆫ번보면모로거시업더라일일은승상이길동을다리고ᄂᆡ당의드러ᄀᆞ부인을ᄃᆡᄒᆞ야탄식왈이아히비록영웅이오나쳔ᄉᆡᆼ이라무엇싀쓰리요원통할ᄉᆞ부인의고집이여후회맛급이로소이다부인이그연고을믓ᄌᆞ오니승상이양미을빈츅ᄒᆞ여왈부인이젼일의ᄂᆡ말을드르시던들이아히부인복즁의낫슬낫다엇지쳔ᄉᆡᆼ이되리요인ᄒᆞ여몽ᄉᆞ얼셜화ᄒᆞ시니부인이츄연왈ᄎᆞ역쳔슈오니엇지일력으로ᄒᆞ오릿ᄀᆞ,"춘섬이 비록 천인이나 재덕이 순직한지라, 불의에 승상의 위엄으로 친근하시니 감이 위령치 못하여 순종한 후로는 그날부터 중문 밖에 나지 아니하고 행실을 닦으니 그달부터 태기있어 십삭이 당하매 거처하는 방에 오색운무 영롱하며 향내 기이하더니, 혼미중에 해태하니 일개 기남자라. 삼일 후에 승상이 들어와 보시니 일변 기꺼우나 그 천생됨을 아끼시더라. 이름을 길동이라 하니라.
이 아이 점점 자라매 기골이 비상하여 한 말을 들으면 열 말을 알 고, 한 번 보면 모르는 것이 없더라. 일일은 승상이 길동을 데리고 내당에 들어가 부인을 대하여 탄식 왈,
""이 아이 비록 영웅이나 천생이라 무엇에 쓰리오. 원통하도다. 부인의 고집이여, 후회막급이로소이다.""
부인이 그 연고를 묻자오니, 승상이 양미를 빈축하여 왈,
""부인이 전일에 내 말을 들으셨던들 이 아이 부인 복중에 낳을 것을 어찌 천생이 되리요.""
인하여 몽사를 설화하시니, 부인이 추연 왈,
""차역 천수오니 어찌 인력으로 하오리까."""
셰월이여류ᄒᆞ야길동의나히팔셰라상하다아니층찬ᄒᆞ리업고ᄃᆡ감도ᄉᆞ랑ᄒᆞ시나길동은가ᄉᆞᆷ의원한이부친을부친이라못ᄒᆞ고형을형이라부르지못ᄒᆞᄆᆡ스ᄉᆞ로쳔ᄉᆡᆼ되물자탓ᄒᆞ더니츄칠월망일의명월을ᄃᆡᄒᆞ야졍하의ᄇᆡ회ᄒᆞ더니츄풍은삽삽ᄒᆞ고긔러긔우난소ᄅᆡ은ᄉᆞᄅᆞᆷ의외로은심ᄉᆞ을돕ᄂᆞᆫ지라홀노탄식ᄒᆞ여왈ᄃᆡ장부세상의나ᄆᆡ공ᄆᆡᆼ의도학을ᄇᆡ화츌장입상ᄒᆞ여ᄃᆡ장인슈을요하의ᄎᆞ고ᄃᆡ장단의노피안ᄌᆞ쳔병만마을지위즁의너허두고남으로초를치고북으로즁원을뎡ᄒᆞ며셔으로촉을쳐ᄉᆞ업을일운후의얼골을긔린각의빗ᄂᆡ고일홈을후셰예유젼ᄒᆞ미ᄃᆡ장부의ᄯᅥᄯᅥᄒᆞᆫ일이라옛ᄉᆞᄅᆞᆷ이이르긔를왕후장상이씨업다ᄒᆞ엿시니날을두고이르민ᄀᆞ셰상ᄉᆞᄅᆞᆷ이갈관박이라도부형을부형이라ᄒᆞ되나ᄂᆞᆫ홀노그러치못ᄒᆞ니이어인인ᄉᆡᆼ으로그러ᄒᆞᆫ고울억ᄒᆞᆫ마음을것잡지못ᄒᆞ야칼을잡고월하의츔을츄며장ᄒᆞᆫ긔운이기지못ᄒᆞ더니이ᄯᆡ승상이명월을ᄉᆞ랑ᄒᆞ야창을열고비겻더니길동의거동을보시고놀ᄂᆡᄀᆞ로ᄃᆡ밤이이무긥퍼거ᄂᆞᆯ네무슨긜거오미잇셔이러ᄒᆞᄂᆞ냐,"세월이 여류하여 길동의 나이 팔세라. 상하 다 아니 칭찬할 이 없고 대감도 사랑하시나, 길동은 가슴의 원한이 부친을 부친이라 못하고 형을 형이라 부르지 못하매 스스로 천생됨을 자탄하더니, 칠월 망일에 명월을 대하여 정하에 배회하더니 추풍은 삽삽하고 기러기 우는 소리는 사람의 외로운 심사를 돕는지라.
홀로 탄식하여 왈,
""대장부 세상에 나매 공맹의 도학을 배워 출장입상하여 대장인수를 요하에 차고 대장단에 높이 앉아 천병만마를 지휘중에 넣어두고, 남으로 초를 치고, 북으로 중원을 정하며, 서로 촉을 쳐 사업을 이룬 후에 얼굴을 기린각에 빛내고, 이름을 후세에 유전함이 대장부의 떳떳한 일이라. 옛 사람이 이르기를 '왕후장상이 씨없다.' 하였으니 나를 두고 이름인가. 세상 사람이 갈관박이라도 부형을 부형이라 하되 나는 홀로 그렇지 못하니 어떤 인생으로 그러한고.""
울억한 마음을 걷잡지 못하여 칼을 잡고 월하에 춤을 추며 장한 기운 이기지 못하더니, 이때 승상이 명월을 사랑하여 창을 열고 비겼더니, 길동의 거동을 보시고 놀래 가로되,
""밤이 이미 깊었거늘 네 무슨 즐거움이 있어 이러하느냐?"""
길동이칼을던지고부복ᄃᆡ왈소인이ᄃᆡ감의졍긔을타당당ᄒᆞᆫ남ᄌᆞ로낫ᄉᆞ오니이만긜거ᄒᆞᆫ일이업ᄉᆞ오ᄃᆡ평셜위ᄒᆞ옵난아부를아부라부르지못ᄒᆞ옵고형을형이라못ᄒᆞ와상하노복이다쳔이보고친쳑고구도손으로가르쳐아모의쳔ᄉᆡᆼ이라이르오니이런원통ᄒᆞᆫ일이어ᄃᆡ잇ᄉᆞ오릿ᄀᆞ인ᄒᆞ여ᄃᆡ셩통곡ᄒᆞ니ᄃᆡ감이마음의긍측이녀긔시ᄂᆞ맛일그아음을위로ᄒᆞ면일노조ᄎᆞ방ᄌᆞᄒᆞᆯᄀᆞᄒᆞ야ᄭᅮ지져왈ᄌᆡ상의쳔ᄉᆡᆼ이너ᄲᅮᆫ아니라ᄀᆞ장방ᄌᆞᄒᆞᆫ마음을두지말나일후의다시그런말을번거이ᄒᆞᆫ일이잇스면눈압푸용납지못ᄒᆞ리라ᄒᆞ시니길동은한갓눈믈흘이ᄲᅮᆫ이라,"길동이 칼을 던지고 부복 대왈,
""소인은 대감의 정기를 타 당당한 남자로 낳사오니 이만 즐거운 일이 없사오되, 평(생) 설워하옵(기)는 아비를 아비라 부르지 못하옵고, 형을 형이라 못하여 상하 노복이 다 천히 보고, 친척 고두도 손으로 가르쳐 아무의 천생이라 이르오니 이런 원통한 일이 어디에 있사오리까?"" 인하여 대성통곡하니, 대감이 마음에 긍측이 여기시나 만일 그 마음을 위로하면 일로조차 방자할까 하여 꾸짖어 왈.
""재상의 천비 소생이 너 뿐 아니라. 자못 방자한 마음을 두지 말라. 일후에 다시 그런 말을 번거이 한 일이 있으면 눈 앞에 용납치 못하리라.""
하시니, 길동은 한갓 눈물 흘릴 뿐이라."
이윽키업듸엿더니ᄃᆡ감이믈너ᄀᆞ라ᄒᆞ시거날길동이도라와어미을붓들고통곡왈모친은소ᄌᆞ와젼ᄉᆡᆼ연분으로ᄎᆞᄉᆡᆼ의모ᄌᆞ되오니구뢰지은을ᄉᆡᆼ각ᄒᆞ오면호쳔망극ᄒᆞ오나남ᄋᆡ셰상의나셔입신양명ᄒᆞ와우희로향화을밧들고부모의약휵지은을만분의ᄒᆞᆫ나히라도갑푸거시여날이몸은팔ᄌᆞ긔박ᄒᆞ여쳔ᄉᆡᆼ이되여남의쳔ᄃᆡ을바드니ᄃᆡ장부엇지구구히근본을직히여후회을두리요이몸미당당히조션국병조판셔인슈을ᄯᅴ고상장군이되지못ᄒᆞᆯ진ᄃᆡᄎᆞ라리몸을산즁의븟쳐셰상영옥을모로고져ᄒᆞ오니복망모친은ᄌᆞ식의ᄉᆞ졍을ᄉᆞᆯ피ᄉᆞ아조바린다시잇고계시면후일의소ᄌᆞ도라와오조지졍을일위랄잇ᄉᆞ오니이만짐작ᄒᆞ옵소셔ᄒᆞ고언파의ᄉᆞ긔도도ᄒᆞ여도로혀비회업거날,"이윽히 엎드려있더니, 대감이 물러가라 하시거늘, 길동이 돌아와 어미를 붙들고 통곡 왈,
""모친은 소자와 전생연분으로 차생에 모자 되오니 구로지은을 생각하오면 호천망극하오나, 남아가 세상에 나서 입신양명하여 위로 향화를 받들고, 부모의 양육지은을 만분의 하나라도 갚을 것이거늘, 이 몸은 팔자 기박하여 천생이 되어 남의 천대를 받으니, 대장부 어찌 구구히 근본을 지키어 후회를 두리요. 이 몸이 당당히 조선국 병조판서 인수를 띠고 상장군이 되지 못할진대, 차라리 몸을 산중에 붙여 세상영욕을 모르고자 하오니, 복망 모친은 자식의 사정을 살피사 아주 버린 듯이 잊고 계시면 후일에 소자 돌아와 오조지정을 이를 날 있사오니 이만 짐작하옵소서.""
하고, 언파에 사기 도도하여 도리어 비회 없거늘."
그모이거동을보고ᄀᆡ유ᄒᆞ여왈ᄌᆡ상가쳔ᄉᆡᆼ이너ᄲᅮᆫ아니라무슨말을드른지모로되어미의간장을이ᄃᆡ지상케ᄒᆞᄂᆞᆫ다어미의낫츨보와아직잇스면ᄂᆡ두의ᄃᆡ감이쳐결ᄒᆞ시ᄂᆞᆫ분부업지아니ᄒᆞ리라길동이ᄀᆞ로ᄃᆡ부형의쳔ᄃᆡᄂᆞᆫ고ᄉᆞᄒᆞ옵고노복이며동유의잇다감들이ᄂᆞᆫ말이골슈의박키난일이허다ᄒᆞ오며근간의곡산모의ᄒᆡᆼᄉᆡᆨ을보오니승긔ᄌᆞ을염지ᄒᆞ야과실업ᄂᆞᆫ우리모ᄌᆞ을구슈갓치보와살ᄒᆡᄒᆡ할ᄯᅳ슬두오니불구의목젼ᄃᆡ환이잇슬지라그러ᄒᆞ오ᄂᆞ소ᄌᆞ나ᄀᆞᆫ후이라도모친의게환이밋지아니케ᄒᆞ오리다그어미ᄀᆞ로ᄃᆡ네말이ᄀᆞ장그러ᄒᆞᄂᆞ곡ᄉᆞᆫ모ᄂᆞᆫ인후ᄒᆞᆫᄉᆞᄅᆞᆷ이라엇지그런일이잇스리요길동왈셰상ᄉᆞ을층양치못ᄒᆞᄂᆞ이다소ᄌᆞ의말을헛도히ᄉᆡᆼ각지마르시고쟝ᄂᆡ을보오쇼셔ᄒᆞ더라,"그 모 이 거동을 보고 개유하여 왈,
""재상가 천생이 너뿐 아니라. 무슨 말을 들었는지 모르되 어미의 간장을 이다지 상케 하느냐? 어미의 낮을 보아 아직 있으면 내두에 대감이 처결하시는 분부 없지 아니하리라.""
길동이 가로되,
""부형의 천대는 고사하옵고, 노복이며 동유의 이따금 들리는 말이 골수에 박히는 일이 허다하오며, 근간에 곡산모의 행색을 보오니 승기자를 염지하여 과실없는 우리 모자를 구수같이 보아 살해 해할 뜻을 두오니 불구에 목전대환이 있을지라. 그러하오나 소자 나간 후 이라도 모친에게 후환이 미치지 아니케 하오리다.""
그 어미 가로되.
""네 말이 자못 그러하나 곡산모는 인후한 사람이라. 어찌 그런 일이 있으리요?""
길동 왈,
""세상사를 측량치 못하나이다. 소자의 말을 헛되이 생각지 마시고 장래를 보읍소서."" 하더라."
원ᄂᆡ곡산모는곡산긔ᄉᆡᆼ으로ᄃᆡ감의총쳡이되여ᄯᅳ시방ᄌᆞᄒᆞ긔로노복이라도블합ᄒᆞᆫ일이잇스면ᄒᆞᆫ번참소의ᄉᆞᄉᆡᆼ이관계ᄒᆞ여ᄉᆞᄅᆞᆷ이못되면긧거ᄒᆞ고승ᄒᆞ면시긔ᄒᆞ더니ᄃᆡ감이용몽을엇고길동을나허ᄉᆞᄅᆞᆷ마닥일칼고ᄃᆡ감이ᄉᆞ랑ᄒᆞ시ᄆᆡ일후총을아일ᄀᆞᄒᆞ며ᄯᅩᄒᆞᆫᄃᆡ감이잇다감희롱ᄒᆞ시난말ᄉᆞᆷ이너도길동갓탄ᄌᆞ식을나허ᄂᆡ의모년ᄌᆞ미을도으라ᄒᆞ시ᄆᆡᄀᆞ쟝무류ᄒᆞ여ᄒᆞᄂᆞᆫ즁의길동의일홈미날노ᄌᆞᄌᆞᄒᆞ무로초낭더옥크게시긔ᄒᆞ여길동모ᄌᆞ을눈의ᄀᆞ시ᄀᆞ치미워ᄒᆞ여ᄒᆡ할마음이급ᄒᆞᄆᆡ흉계을ᄌᆞ어ᄂᆡ여ᄌᆡ물을흣터요괴로온무녀등을블너모의말말ᄒᆞ고츅일왕ᄂᆡᄒᆞ더니ᄒᆞᆫ무녀ᄀᆞ로ᄃᆡ동ᄃᆡ문밧긔관상ᄒᆞ난계집이잇스되ᄉᆞᄅᆞᆷ의상을ᄒᆞᆫ번보오면평ᄉᆡᆼ길흉화복을판단ᄒᆞ오니이졔쳥ᄒᆞ여약속을졍ᄒᆞ고ᄃᆡ감젼의쳔거ᄒᆞ여ᄀᆞ즁젼후ᄉᆞ을본다시이른후의인ᄒᆞ여길동의상을보고어ᄎᆞ어ᄎᆞ이알외여ᄃᆡ감의마음을놀ᄂᆡ면낭ᄌᆞ의소회를일노조ᄎᆞ일울ᄀᆞᄒᆞᄂᆞ이다초낭이ᄃᆡ희ᄒᆞ야직시관상녀의게통ᄒᆞ여ᄌᆡ믈노ᄡᅧ다ᄅᆡ고ᄃᆡ감ᄃᆡᆨ일을낫낫치ᄀᆞ르치고길동졔거ᄒᆞᆯ약속을졍ᄒᆞᆫ후의날을긔약ᄒᆞ고보ᄂᆡ니라,"원래 곡산모는 곡산 기생으로 대감의 총첩이 되어 뜻이 방자하기로, 노복이라도 불합한 일이 있으면 한 번 참소에 사생이 관계하여 사람이 못되면 기뻐하고 승하면 시기하더니, 대감이 용몽을 얻고 길동을 낳아 사람마다 일컫고 대감이 사랑하시매, 일후 총을 앗길까 하며, 또한 대감이 이따금 희롱하시는 말씀이
""너도 길동같은 자식을 낳아 나의 모년재미를 도우라.""
하시매, 가장 무료하여 하는 중에 길동의 이름이 날로 자자하므로 초낭 더욱 크게 시기하여 길동 모자를 눈의 가시같이 미워하여 해할 마음이 급하매, 흉계를 짜아내어 재물을 흩어 요괴로운 무녀 등을 불러 모의말 말하고 축일왕래하더니, 한 무녀 가로되,
""동대문 밖에 관상하는 계집이 있으되, 사랑의 상을 한 번 보면 평생 길흉화복을 판단하오니, 이제 청하여 약속을 정하고 대감전에 천거하여 가중 전후사를 본 듯이 이른 후에 인하여 길동의 상을 보고 여차여차히 아뢰어 대감의 마음을 놀래면 낭자의 소회를 이룰까 하나이다.""
초낭이 대희하여, 즉시 관상녀에계 통하여 재물로써 달래고, 대감댁 일을 낱낱이 가르치고, 길동 제거할 약속을 정한 후에 날을 기약하고 보내니라."
일일은ᄃᆡ감이ᄂᆡ당의드러ᄀᆞ길동을불은후의부인을ᄃᆡᄒᆞ야ᄀᆞ로ᄃᆡ이아희비록영웅의긔상이잇스나엇다쓰리요ᄒᆞ시며히롱ᄒᆞ시더니믄득ᄒᆞᆫ녀ᄌᆞ밧긔로븟터드러와당하의뵈거날ᄃᆡ감이괴히녀겨그연고을무르신ᄃᆡ그녀ᄌᆞ복지쥬왈소녀난동ᄃᆡ문밧긔ᄉᆞ옵더니어려셔ᄒᆞᆫ도인을만ᄂᆞᄉᆞᄅᆞᆷ의상보는볍을ᄇᆡ은바두로다니며관상ᄎᆞ로맛호장안을편남ᄒᆞ옵고ᄃᆡ감ᄃᆡᆨ만복을놉피듯고쳔ᄒᆞᆫᄌᆡ조을시험코져왓ᄂᆞ니다ᄃᆡ감이엇지요괴로은무녀을ᄃᆡᄒᆞ여문답이잇스리요마ᄂᆞᆫ길동을히롱ᄒᆞ시던ᄭᅳᆺ친고로우으시며왈네암커ᄂᆞ갓ᄀᆞ히올아ᄂᆡ의평ᄉᆡᆼ을확논ᄒᆞ라ᄒᆞ시니관상녀국궁ᄒᆞ고당의올나몬쳠ᄃᆡ감의상을ᄉᆞᆯ핀후의이왕지ᄉᆞ을역역히알외며ᄂᆡ두ᄉᆞ을보ᄂᆞᆫ다시논단ᄒᆞ니호발도ᄃᆡ감의마음의위월ᄒᆞᆫ마듸업ᄂᆞᆫ지라ᄃᆡ감이크게층찬ᄒᆞ시고연ᄒᆞ여ᄀᆞ즁ᄉᆞᄅᆞᆷ의상을의논할ᄉᆡ낫낫치본다시폄논ᄒᆞ야ᄒᆞᆫ말도허망ᄒᆞᆫ고시업ᄂᆞᆫ지라ᄃᆡ감과부인이며좌즁졔인이ᄃᆡ혹ᄒᆞ야신인이라일ᄏᆞᆺ더라,"일일은 대감이 내당에 들어가 길동을 부른 후에 부인을 대하여 가로되,
""이 아이 비록 영웅의 기상이 있으나 어디다 쓰리요.""
하시며 희롱하시더니, 문득 한 여자 밖으로부터 들어와 당하에 뵈거늘, 대감이 괴히 여겨 그 연고를 물으신대, 그 여자 복지 주왈.
""소녀는 동대문 밖에 사옵더니, 어려서 한 도인을 만나 사람의 상보는 법을 배운 바 두루 다니며 관상차로 만호장안을 편람하옵고, 대감댁 만복을 높이 듣고 천한 재주를 시험코자 왔나이다.""
대감이 어찌 요괴로운 무녀를 대하여 문답이 있으리요마는 길동을 희롱하시던 끝인 고로 웃으시며 왈,
""네 암커나 가까이 올라 나의 평생을 확론하라.""
하시니, 관상녀 국궁하고 당에 올라 먼저 대감의 상을 살핀 후에 이왕지사를 역역히 아뢰며 내두사를 보는 듯이 논단하니, 호발도 대감의 마음에 위월한 마디 없는지라. 대감이 크게 칭찬하시고 연하여 가중 사람의 상을 의논할새, 낱낱이 본 듯이 평론하여 한 말도 허망한 곳이 없는지라. 대감과 부인이며 좌중제인이 대혹하여 신인이라 일컫터라."
ᄭᅳᆺ틔로길동의상을의논ᄒᆞᆯᄉᆡ크게층찬왈소녀ᄀᆞ열읍의쥬류ᄒᆞ며쳔만인을보와시되공ᄌᆞ의상갓튼이ᄂᆞᆫ쳐음이연이와아지못게라부인의긔츌이아니ᄀᆞᄒᆞᄂᆞ이다ᄃᆡ감이쇼긔지못ᄒᆞ여왈그는그러ᄒᆞ거니와ᄉᆞᄅᆞᆷ마닷길흉영욕이각각ᄯᆡ잇ᄂᆞᆫ이이아희상을각별논단ᄒᆞ라ᄒᆞ니상녜이윽키보다ᄀᆞ거즛놀ᄂᆡᄂᆞᆫ쳬ᄒᆞ거날괴히녀겨그연고을므르신ᄃᆡ함구ᄒᆞ고말이업거날ᄃᆡ감이ᄀᆞ로ᄃᆡ길흉을호발도긔이지말고보이ᄂᆞᆫᄃᆡ로의논ᄒᆞ여ᄂᆡ의의혹이업게ᄒᆞ라관상녀ᄀᆞ로ᄃᆡ이말ᄉᆞᆷ을바로알외오면ᄃᆡ감의마음을놀ᄂᆡᆯᄀᆞᄒᆞᄂᆞ이다ᄃᆡ감왈옛졔곽분양ᄀᆞᆺᄐᆞᆫᄉᆞᄅᆞᆷ도길ᄒᆞᆫᄯᆡ잇고흉ᄒᆞᆫᄯᆡ잇셔시니무슨여러말이잇난요상볍보이ᄂᆞᆫᄃᆡ로긔이말나ᄒᆞ이니관상녀마지못ᄒᆞ여길동치운후의그윽키알외되공ᄌᆞ의ᄂᆡ두ᄉᆞᄂᆞᆫ여러말ᄉᆞᆷ발이옵고셩즉군왕지상이요ᄑᆡ즉층양치못ᄒᆞᆯ환이잇ᄂᆞᆫ이다ᄒᆞᆫᄃᆡᄃᆡ감이크게놀ᄂᆡ여윽키진졍ᄒᆞᆫ후의상녀를후이상급ᄒᆞ시고ᄀᆞ로ᄃᆡ이ᄃᆡ여말을ᄉᆞᆷᄀᆞ발구치말나엠이분부ᄒᆞ시고왈졔늑드락츄립지못ᄒᆞ게ᄒᆞ리라ᄒᆞ시니상녀왈왕후장상이엇지씨잇스릿ᄀᆞᄃᆡ감이누누당부ᄒᆞ시니관상녀공슈슈명ᄒᆞ고가니라,"끝으로 길동의 상을 의논할새, 크게 칭찬 왈,
""소녀가 열읍에 주류하며 천만인을 보았으되 공자의 상같은 이는 처음이려니와 알지 못게라, 부인의 기출이 아닌가 하나이다.""
대감이 속이지 못하여 왈,
""그는 그러하거니와 사람마다 길흥영욕이 각각 때있나니 이 아이 상을 각별 논단하라.""
하니, 상녀가 이윽히 보다가 거짓 놀라는 체 하거늘, 괴히 여겨 그연고를 물으신대 함구하고 말이 없거늘, 대감이 가로되,
""길흉을 호발도 기이지 말고 보이는 대로 의논하여 나의 의흑이 없게 하라.""
관상녀 가로되,
""이 말씀을 바로 아뢰면 대감의 마음을 놀래일까 하나이다.""
대감 왈,
""옛날 곽분양같은 사람도 길한 때 있고 흉한 때있었으니 무슨 여러 말이 있느냐? 상법 보이는 대로 기이 말라.""
하시니. 관상터 마지 못하혀 길동을 치운 후에 그윽히 아뢰되,
""공자의 내두사는 여러 말씀 버리옵고 성즉 군왕지상이요, 패즉 측량치 못할 환이 있나이다.""
한대, 대감이 크계 놀래어 (이)윽히 진정란 후에 상녀를 후이 상급하시고 가로되,
""이같은 말을 삼가 발구치 말라.""
엄히 분부하시고, 왈,
""제 늙도록 출입치 못하게 하리라.""
하시니, 상녀 왈,
""왕후장상이 어디 씨 있으리까?""
대감이 누누당부하시니, 관상녀 공수 수명하고 가니라."
ᄃᆡ감이발을드르신후로ᄂᆡ렴의크게근심ᄒᆞᄉᆞ일염의ᄉᆡᆼ각ᄒᆞ시되이놈이본ᄅᆡ범상ᄒᆞᆫ놈이아니요ᄯᅩᄒᆞᆫ쳔ᄉᆡᆼ되물ᄌᆞᄐᆞᆫᄒᆞ여만일범남ᄒᆞᆫ마음을머그면누ᄃᆡ갈츙보국ᄒᆞ던일이쓸ᄃᆡ업고ᄃᆡ화일문의밋츠리니밀이져을업셰여ᄀᆞ화을덜고져ᄒᆞᄂᆞ인졍의ᄎᆞ마못ᄒᆞᆯᄇᆡ라ᄉᆡᆼ각이이려ᄒᆞᆫ즉션쳐ᄒᆞᆯ도리업셔일념이병이되여식불감침불안ᄒᆞ시ᄂᆞᆫ지라초낭이긔ᄉᆡᆨ을ᄉᆞᆯ핀후의승간ᄒᆞ여엿ᄌᆞ오ᄃᆡ길동이관상여의말ᄉᆞᆷ갓치왕긔잇셔만일범남ᄒᆞᆫ일이잇ᄉᆞ오면ᄀᆞ화장ᄎᆞ측냥치못ᄒᆞᆯ지라어린소견은져근혐의를ᄉᆡᆼ각지말으시고큰일을ᄉᆡᆼ각ᄒᆞ와져를미리업시ᄒᆞᆷ만갓지못ᄒᆞᆯᄀᆞᄒᆞᄂᆞ이다,"대감이 이 말을 들으신 후로 내념에 크게 근심하사 일념에 생각하시되,
""이놈이 본래 범상한 놈이 아니요, 또 천생됨을 자탄하여 만일 범람한 마음을 먹으면 누대 갈충보국하던 일이 쓸데없고 대화 일문에 미치리니 미리 저를 없애어 가화를 덜고자 하나 인정에 차마 못할 바라.""
생각이 이러한즉 선처할 도리없어 일념이 병이 되어 식불감 침불안하시는지라.
초낭이 기색을 살핀 후에 승간하여 여쭈오되,
""길동이 관상년의 말씀같이 왕기 있어 만일 범람한 일이 있사오면 가화 장차 측량치 못할지라. 어리석은 소견은 적은 혐의를 생각지 마시고 큰 일을 생각하여 저를 미리 없이 함만 같지 못할까 하나이다."""
ᄃᆡ감이ᄃᆡᄎᆡᆨ왈이말을경솔이ᄒᆞᆯᄇᆡ아니여날네엇지입을직키지못ᄒᆞᄂᆞ뇨도시ᄂᆡ집ᄀᆞ운을네알ᄇᆡ아니이라ᄒᆞ시니초낭이황공ᄒᆞ여다시말ᄉᆞᆷ을못ᄒᆞ고ᄂᆡ당의드러ᄀᆞ부인과ᄃᆡ감의장ᄌᆞ을ᄃᆡᄒᆞ야엿ᄌᆞ오되ᄃᆡ감이관상녀의말ᄉᆞᆷ을드르신후로ᄉᆞ렴의션쳐ᄒᆞ실도리업ᄉᆞ와침식이불안ᄒᆞ시더니일렴의병환이되시긔로소인이일젼의여ᄎᆞ여ᄎᆞᄒᆞᆫ말ᄉᆞᆷ을알외온즉ᄭᅮ종이낫삽긔로다시엿ᄌᆞᆸ지못ᄒᆞ여ᄊᆞᆸ거니와소인이ᄃᆡ감의마음을취ᄐᆡᆨᄒᆞ온즉ᄃᆡ감계옵셔도져를미리업셰고져ᄒᆞ시되ᄒᆞ마거쳐치못ᄒᆞ오니미련ᄒᆞᆫ소견으로ᄂᆞᆫ션쳐ᄒᆞᆯ모ᄎᆡᆨ이길동을몬져업신후의ᄃᆡ감ᄭᅴ아뢰즉이위져즌일이라ᄃᆡ감계옵셔도엇지할슈업ᄉᆞ와마ᄋᆞᆷ을아조이즐ᄀᆞᄒᆞ옵ᄂᆞ이다,"대감이 대책 왈,
""이 말을 경솥히 할 바가 아니거늘, 네 어쩌 입을 지키지 뭇하느냐? 도시 내 집 가운을 네 알 바가 아니라.""
하시니, 초낭이 황공하여 다시 말씀을 못하고, 내당에 들어아 부인과 대감의 장자를 대하여 여쭈오되,
""대감이 관상녀의 말씀을 들으신 후로 사념에 선처하실 도리 없사와 침식이 불안하시더니 일념의 병환이 되시기로 소인이 일전에 여차여차한 말씀을 아뢰온즉 꾸중이 났는 고로 다시 여쭙지 못하였거니와, 소인이 대감의 마음을 취택하온즉 대감께서도 저를 미리 없애고자 하시되 차바 거처치 못하오니, 미련한 소견으로는 선처할 모책이 길동을 먼저 없앤 후에 대감께 아뢰면 이미 저질러진 일이라 대감께서도 어찌 할 수 업사와 마음을 아주 잊을까 하옵나이다."""
부인이빈츅왈일은그러ᄒᆞ거니와인졍쳔리의ᄎᆞ마ᄒᆞᆯᄇᆡ안이라ᄒᆞ시니초낭이다시엿ᄌᆞ오ᄃᆡ이일이여러ᄀᆞ지관겨ᄒᆞ오니ᄒᆞᆫ나흔국ᄀᆞ을위ᄒᆞᆷ미요두른은ᄃᆡ감의환후을위ᄒᆞ미요셰슨홍씨일문을위ᄒᆞ미요니엇지져근ᄉᆞ졍으로우유부단ᄒᆞ와여러ᄀᆞ지큰일을ᄉᆡᆼ각지아니ᄒᆞ시다ᄀᆞ후회막급이되오면엇지ᄒᆞ오릿ᄀᆞᄒᆞ며만단으로부인과ᄃᆡ감의장ᄌᆞ을달ᄂᆡ니마지못ᄒᆞ여허락ᄒᆞ시거날초낭이암희ᄒᆞ야나와특ᄌᆞ라ᄒᆞᄂᆞᆫᄌᆞᄀᆡᆨ을쳥ᄒᆞ여슈말을다젼ᄒᆞ고은ᄌᆞ을만이쥬워오날밤의길동을ᄒᆡᄒᆞ라약속을졍ᄒᆞ고다시ᄂᆡ당의드러ᄀᆞ부인젼의슈말을엿ᄌᆞ오니부인이드르시고발을구르시며못ᄂᆡᄎᆞ셕ᄒᆞ시더라,"부인이 빈축 왈,
""일은 그러하거니와 인정천리에 차마 할 바가 아니라.""
하시니, 초낭이 다시 어쭈오되,
""이 일이 여러가지 관계하오니, 하나는 국가를 위함이요, 둘은 대감의 환후를 위함이요, 셋은 홍씨 일문을 위함이오니, 어찌 적은 사정으로 우유부단하여 여러가지 큰 일을 생각지 아니하시다가 후회막급이 되오면 어리 하오리까?""
하며, 만단으로 부인과 대감의 장자를 달래니, 마지 못하여 허락하시거늘, 초낭이 암회하여 나와 특자라 하는 자객을 청하여 수말을 다 전하고 은자를 많이 주어 오늘 밤에 길동을 해하라 약속을 정하고, 다시 내당에 들어가 부인전에 수말을 여쭈오니, 부인이 들으시고 발을 구르시며 못내 차석하시더라."
이젹의길동은나희십일셰라기골이쟝ᄃᆡᄒᆞ고용ᄆᆡᆼ이졀뉸ᄒᆞ며시셔ᄇᆡᆨᄀᆞ여을무블통지ᄒᆞᄂᆞᄃᆡ감분부의밧긔츌입을막으시ᄆᆡ홀노별당의쳐ᄒᆞ여손오의병셔을통니ᄒᆞ여귀신도측냥치못ᄒᆞᄂᆞᆫ슐볍이며쳔지조화을품어풍운을임의로부리며육졍육갑의신장을부려신츌귀몰지술을통달ᄒᆞ니셰상의두려온거시업더라,"이때의 길동은 나이 십일세라. 기골이 장대하고, 총맹이 절륜하며, 시서백가어를 무불통지하나, 대감 분부에 바깥 출입을 막으시매, 홀로 별당에 처하여 손오의 병서를 통리하여 귀신도 즉량치 못하는 술법이며 천지조화를 품어 풍운을 임의로 부리며, 육정육갑이 신장을 부려 신출귀몰지술을 통달하니 세상에 두려운 것이 없더라."
이날밤ᄉᆞᆷ경이된후의쟝ᄎᆞ셔안을물이치고취침ᄒᆞ려ᄒᆞ더니문득창밧긔셔ᄀᆞ마귀셰변울고셔으로나라ᄀᆞ거날마ᄋᆞᆷ의놀ᄂᆡᄒᆡ혹ᄒᆞ니ᄀᆞ마귀셰변ᄀᆡᆨᄌᆞ와ᄀᆡᆨᄌᆞ와ᄒᆞ고셔으로나라ᄀᆞ나분병ᄌᆞᄀᆡᆨ이오는지라엇던ᄉᆞᄅᆞᆷ이날을ᄒᆡ코져ᄒᆞᄂᆞᆫ고암커ᄂᆞ방신지게을ᄒᆞ리라ᄒᆞ고방즁의팔진을치고각각방위을밧고와남방의이허즁운북방의감즁연의옴긔고동방진하연은셔방ᄐᆡ상졀의옴긔고건방의건ᄉᆞᆷ연은숀방손하졀의옴긔고곤방의곤ᄉᆞᆷ졀은간방간상연의옴겨그ᄀᆞ온ᄃᆡ풍운을너허조화무궁케버리고ᄯᆡ을긔다리니라,"이날 밤 삼경이 된 후에 장차 서안을 물리치고 취침하려 하더니 문득 창 밖에서 까마귀 세 번 울고 서로 날아가거늘, 마음에 놀래 해혹하니,
""까마귀 세 번 '객자와 객자와' 하고 서로 날아가니 분명 자객이 오는지라. 어떤 사람이 나를 해코자 하는고? 암커나 방신지계를 하니라.""
하고, 방중에 팔진을 치고 각각 방위를 바꾸어, 남방의 이허중은 북방의 감중련에 옮기고, 동방 진하련은 서방 태상절에 옮기고, 건방의 건삼련은 손방 손하절에 옮기고, 곤방의 곤삼절은 간방 간상련에 옮겨, 그 가운데 풍운을 넣어 조화무궁페 벌리고 때를 기다리니다."
이젹의특ᄌᆞ비슈을들고길동거쳐ᄒᆞᄂᆞᆫ병당의ᄀᆞ몸을슘긔고그ᄌᆞᆷ들긔을긔다리더니난ᄃᆡ업슨ᄀᆞ마귀창밧긔와울고ᄀᆞ거날마음의크게의심ᄒᆞ여왈이김ᄉᆡᆼ이무슨알미잇셔쳔긔을누셜ᄒᆞᄂᆞᆫ고길동은실노범상ᄒᆞᆫᄉᆞᄅᆞᆷ이아니로다피련다일의크게쓰리라ᄒᆞ고도라ᄀᆞ고져ᄒᆞ다ᄀᆞ은ᄌᆡ의욕심이몸을ᄉᆡᆼ각지못ᄒᆞ야이시ᄒᆞᆫ후몸을날여방즁의드러ᄀᆞ니길동은간ᄃᆡ업고일진광풍이이러나뇌셩벽녁이쳔지진동ᄒᆞ며운무ᄌᆞ옥ᄒᆞ여동셔을분별치못ᄒᆞ며좌우을살펴보니쳔봉만학이즁즁쳡쳡ᄒᆞ고ᄃᆡᄒᆡ창일ᄒᆞ야졍신을슈십지못ᄒᆞᄂᆞᆫ지라특ᄌᆞᄂᆡ렴의혜아리되ᄂᆡ앗가분명방즁의드러와거든산은어인산이며물은어인물인고ᄒᆞ야갈바을아지못ᄒᆞ더니문득옥져소ᄅᆡ드리거날살펴보니쳥의동ᄌᆞᄇᆡᆨ학을타고공즁의다니며불너왈너ᄂᆞᆫ엇더ᄒᆞᆫᄉᆞᄅᆞᆷ이과ᄃᆡ이집푼밤의비슈을들고뉘를ᄒᆡ코져ᄒᆞᄂᆞᆫ다특ᄌᆞᄃᆡ왈네분명길동이로다나ᄂᆞᆫ너희부형의명영을바다너를ᄎᆔᄒᆞ려왓노라ᄒᆞ고비슈을드러더지니문득길동은간ᄃᆡ업고음풍이ᄃᆡ작ᄒᆞ고벽녁이진동ᄒᆞ며즁쳔의살긔ᄲᅮᆫ이로다,"이때에 특자 비수를 들고 길동 거처하는 별당에 가서 몸을 숨기고 그 잠들기를 기다리더니, 난데없는 까마귀 창 밖에 와 울고 가거늘 마음에 크게 의심하여 왈,
""이 짐승이 무슨 앎이 있어 천기를 누설하는고? 길동은 실로 범상한 사람이 아니로다. 필연 타일에 크게 쓰리라.""
하고, 돌아가고자 하다가 은자에의 욕심이 몸을 생각치 못하여 이시한후에 몸을 날려 방중에 들어가니, 길동은 간 데 억고, 일진광풍이 일어나 뇌성벽력이 천지 진동하며 운무 자욱하여 동서를 분별치 못하며 좌우를 살펴보니 천봉만학이 중중첩첩하고, 대해 창일하여 정신을 수습치 못하는지라.
특자 내념에 헤아리되,
""내 아까 분명 방중에 들어왔거늘 산은 어인 산이며, 물은 어인 물인고?""
하여 갈 바를 알지 못하더니, 문득 옥적소리 들리거늘, 살펴보니 청의동자 백학을 타고 공중에 다니며 불러 왈,
""너는 어떠한 사람이관대 이 깊은 밤에 비수를 들고 누구를 해코자 하느냐?""
특자 대왈,
""네 분명 길동이로다. 나는 너의 부형의 명령을 받아 너를 취하러 왔노라.""
하고 비수를 들어 던지니, 문득 길동은 간 데 없고, 음풍이 대작하고 벽력이 진동하며, 중천에 살기 뿐이로다."
즁심의ᄃᆡ겁ᄒᆞ여칼을ᄎᆞ즈며왈ᄂᆡ남의ᄌᆡ물을욕심ᄒᆞ다ᄀᆞᄉᆞ지예ᄲᆞ졋쓰니슈원슈구ᄒᆞ리요ᄒᆞ며긔리탄식ᄒᆞ더니문득이윽고길동이비슈을들고공즁의셔위여왈필부ᄂᆞᆫ드르라네ᄌᆡ물을탐ᄒᆞ여무죄ᄒᆞᆫ인명을살ᄒᆡ코져ᄒᆞ니이졔너을살녀두멘일후의무죄ᄒᆞᆫᄉᆞᄅᆞᆷ이허다이상얼지라엇지살녀보ᄂᆡ리요ᄒᆞᆫᄃᆡ특ᄌᆞᄋᆡ결왈과연소인의죄아니오라공ᄌᆞᆺᄃᆡᆨ초낭ᄌᆞ의소위오니바ᄅᆡ옵건ᄃᆡᄀᆞ련ᄒᆞᆫ인명을구졔ᄒᆞ옵셔일후의ᄀᆡ과ᄒᆞ게ᄒᆞ옵소셔길동이더옥분을이긔지못ᄒᆞ야왈네의약관이하날의ᄉᆞ못ᄎᆞ오날날ᄂᆡ손을비러악ᄒᆞᆫ유을업시게ᄒᆞ미라ᄒᆞ고언파의특ᄌᆞ의목을쳐바리고신장을호령ᄒᆞ여동ᄃᆡ문밧긔상녀을ᄌᆞᄇᆞᄃᆞᄀᆞ수죄ᄒᆞ여왈네요망ᄒᆞᆫ년으로ᄌᆡ상ᄀᆞ의출입ᄒᆞ며인명을상ᄒᆡᄒᆞ니네죄을네아ᄂᆞᆫ다,"중심에 대겁하여 칼을 찾으며 왈,
""내 남의 재물을 욕심하다가 사지에 빠졌으니 수원수구하리요.""
하며, 길게 탄식하더니, 문득 이윽고 길동이 비수를 들고 공중에서 외쳐 왈,
""필부는 들으라. 네 재물을 탐하여 무죄한 인명을 살해코자 하니 이제 너를 살려두면 일후에 무죄한 사람이 허다히 상할지라. 어찌 살려 보내리요.""
한대, 특자 애걸 왈,
""과연 소인의 죄 아니오라 공잣댁 초낭자의 소위오니, 바라옵건데 가련한 인명을 구제하셔서 일후에 개과하게 하옵소서.""
길동이 더욱 분을 이기지 못하여 왈,
""너의 약관이 하늘에 사무쳐 오늘날 나의 손을 빌어 악한 유를 없애게 함이라.""
하고, 언파에 특자의 목을 쳐버리고, 신장을 호령하여 동대문 밖의 상녀를 잡아다가 수죄하여 왈,
""네 요망한 년으로 재상가에 출입하며 인명을 상해하니 네 죄를 네 아느냐?""
"
관상녀졔집의셔ᄌᆞ오다ᄀᆞ풍운의ᄊᆞ이여호호탕탕이아모ᄃᆡ로ᄀᆞᄂᆞᆫ줄모로더니문득길동의ᄭᅮ짓ᄂᆞᆫ소ᄅᆡ을듯고ᄋᆡ결왈이ᄂᆞᆫ다소녀의죄ᄀᆞ아니오라초낭ᄌᆞ의ᄀᆞ르치미오니바ᄅᆡ건ᄃᆡ인후ᄒᆞ신마음의죄을관셔ᄒᆞ옵소셔ᄒᆞ거날길동이가로ᄃᆡ초낭ᄌᆞᄂᆞᆫᄂᆡ의의모라의논치못ᄒᆞ련이와너의갓ᄐᆞᆫ악종을ᄂᆡ엇지살녀두리요후ᄉᆞᄅᆞᆷ을징계ᄒᆞ리라ᄒᆞ고칼을드러머리을버혀특ᄌᆞ의쥬검ᄒᆞᆫᄐᆡ더지고분ᄒᆞᆫ마음을것ᄌᆞᆸ지못ᄒᆞ야바로ᄃᆡ감젼의나아ᄀᆞ이변괴을아뢰고초낭을버히려ᄒᆞᄃᆞᄀᆞ호련ᄉᆡᆼ각왈영인부아년졍무아부인이라ᄒᆞ고ᄯᅩᄂᆡ일시분으로엇지일뉸을ᄭᅳᆫ으리요ᄒᆞ고바로ᄃᆡ감침소의나ᄋᆞᄀᆞ졍하의업듸엿더니잇ᄯᆡᄃᆡ감이잠을ᄭᆞ여문밧긔인젹잇스물괴히녀겨창을열고보시니길동이졍하의업더여거날분부왈이졔밤이이무집펏거날네엇지ᄌᆞ지아니ᄒᆞ고부ᄉᆞᆷ년고로이러ᄒᆞᄂᆞᆫ다,"관상녀 제 집에서 자다가 풍운에 쌓이어 호호탕탕이 아무 데로 가는줄 모르더니, 문득 길동의 꾸짙는 소리를 듣고 애걸 왈,
""이는 다 소녀의 죄가 아니오라 초낭자의 가르침이오니 바라건대 인후하신 마음에 죄를 관서하옵소서.""
하거늘, 길동이 가로되,
""초낭자는 나의 의모라 의논치 못하려니와 너같은 악종을 내 어찌 살려 두리요. 후 사람을 징계하리라.""
하고. 칼을 들어 머리를 베어 특자외 주검한테 던지고, 분한 마음을 것잡지 못하여 바로 대감전에 나아가 이 변괴를 아뢰고 초낭을 베려하다가 홀연 생각 왈,
""영인부아언정 무아부인이라.""
하고, 또
""내 일시 분으로 어찌 인륜을 끊으리요.""
하고, 바로 대감 침소에 나아가 정하에 엎드리더니, 이때 대감이 잠을 깨어 문 밖에 인적 있음을 괴히 여겨 창을 열고 보시니, 길동이 정하에 엎드렸거늘, 분부 왈,
""이제 밤이 이미 깊었거늘 네 어찌 자지 아니하고 무슨 연고로 이러하느냐?"""
길동이쳬읍ᄃᆡ왈ᄀᆞᄂᆡ예흉ᄒᆞᆫ변이잇ᄉᆞ와목슘을도망ᄒᆞ여나ᄀᆞ오니ᄃᆡ감젼의ᄒᆞ직ᄎᆞ로와ᄂᆞ이다ᄃᆡ감이놀ᄂᆡ여심ᄂᆡ의상냥ᄒᆞ시되피련무ᄉᆞᆷ곡졀이잇도다ᄒᆞ시고ᄀᆞ로ᄃᆡ무슨일인지날이ᄉᆡ면아련이와급피도라ᄀᆞᄌᆞ고분부을긔다리라ᄒᆞ시니길동이복지쥬왈소인이이제로집을ᄯᅥ나가오니ᄃᆡ감쳬후만복ᄒᆞ옵소셔소인이다시뵈올긔약이망연ᄒᆞ오이다ᄃᆡ감이혜아리되길동은범뉴아니라말유ᄒᆞ여도듯지아닐ᄒᆞᆯ쥴짐작ᄒᆞ시고ᄀᆞ로ᄃᆡ네이졔집을ᄯᅥᄂᆞ면어ᄃᆡ로갈다길동이부복쥬왈목슘을도망ᄒᆞ와쳔지로집을ᄉᆞᆷ고나ᄀᆞ오니엇지졍쳐잇ᄉᆞ오릿ᄀᆞ마는평ᄉᆡᆼ원ᄒᆞᆫ이ᄀᆞᄉᆞᆷ의ᄆᆡᆺ쳐셜원ᄒᆞᆯ날이업ᄉᆞ오니더옥키셜워ᄒᆞ나이다ᄒᆞ거날,"길동이 체읍 대왈,
""가내에 흉한 변이 있사와 목숨을 도망하여 나가오니 대감전에 하직차로 왔나이다.""
대감이 상량하시되,
""필연 무슨 곡절이 있도다.""
하시고 가로되,
""무슨 일인지 날이 새면 알려니와 급히 돌아가 자고 분부를 기다리라.""
하시기, 길동이 복지 주왈,
""소인이 이제로 집을 떠나가오니 대감 체후만복하옵소서. 소인이 다시 뵈올 기약이 망연하오이다.""
대감이 헤아리되, 길동은 범류 아니라 만류하여도 듣지 아니 할 줄 짐작하시고 가로되,
""네 이제 집을 떠나면 어디로 가느냐?""
길동이 부복 주왈,
""목숨을 도망하여 천지로 집을 삼고 나가오니 어찌 정처 있사오리까마는 평생 원한이 가슴에 맺혀 설원할 날이 없사오니 더욱 설워하나이다.""
하거늘."
ᄃᆡ감이위로왈오날노붓터네원을푸러쥬ᄂᆞᆫ거시니네ᄂᆞᄀᆞᄉᆞ방의쥬류할지라도부ᄃᆡ죄을지허부형으게환을ᄭᅴ치지말고슈히도라와ᄂᆡ의마음을위로ᄒᆞ라여러말아니ᄒᆞ니부ᄃᆡ겸염ᄒᆞ여라ᄒᆞ시니길동이이러나다시졀ᄒᆞ고쥬왈부친이오날날젹년소원을푸러쥬시니이졔쥭어도한이업ᄉᆞ올지라황공무지오니복망아반임은만셰무강ᄒᆞ소셔ᄒᆞ며인ᄒᆞ여하직을고ᄒᆞ고나와바로그모친침실의드러ᄀᆞ어미을ᄃᆡᄒᆞ여ᄀᆞ로ᄃᆡ소ᄌᆡ이졔목슘을도망ᄒᆞ여집을ᄯᅥᄂᆞ오니모친은불효ᄌᆡ을ᄉᆡᆼ각지마르시고계시오면소ᄌᆞ도라와뵈올날이잇ᄉᆞ오니달니염녜마옵시고ᄉᆞᆷᄀᆞ조심ᄒᆞ와쳔금귀쳬을보즁ᄒᆞ옵소셔ᄒᆞ고초낭의작변ᄒᆞ던일을종두지미ᄒᆞ여낫낫치셜화ᄒᆞ니그어미그변괴을ᄌᆞ셰히드른후의길동을말유치못활쥴알고인ᄒᆞ여탄식왈네이졔나ᄀᆞ잠간화을피ᄒᆞ고어미낫츨보와슈히도라와날노ᄒᆞ여곰실망ᄒᆞᄂᆞᆫ병이업게ᄒᆞ라ᄒᆞ며못ᄂᆡ셜워ᄒᆞ니길동이무슈히위로ᄒᆞ며눈믈을거두워ᄒᆞ직ᄒᆞ고문밧긔나셔니광ᄃᆡᄒᆞᆫ쳔지ᄀᆞᆫ의ᄒᆞᆫ몸이용납ᄒᆞᆯ고지업ᄂᆞᆫ지라탄식으로졍쳐업시ᄀᆞ니라,"대감이 위로 왈,
""오늘로부터 네 원을 풀어주는 것이니 네 나가 사방에 주류할지라도 부디 죄를 지어 부형에게 환을 끼치지 말고 쉬이 돌아와 나의 마음을 위로하라. 여러 말 아니하니 부디 겸염하여라.""
하시니. 길동이 일어나 다시 절하고 주왈,
""부친이 오늘날 적년소원을 풀어 주시니 이제 죽어도 한이 없사올지라. 황공무지오니 복망 아버님은 만수무강하소서.""
하며, 인하여 하직을 구하고 나와 바로 그 모친 침실에 들어가 어미를 대하여 가로되,
""소자가 이제 목숨을 도망하여 집을 떠나오니 모친은 불효자를 생각지 마시고 계시오면 소자 돌아와 뵈올 날이 있사오니 달리 염려 마옵시고 삼가 조심하여 천금귀체를 보중하옵소서.""
하고, 초낭의 작변하던 일을 종두지미하여 낱낱이 설화하니, 그 어미 그 변괴를 자세히 들은 후에 길동을 만류치 못할 줄 알고 인하여 탄식 왈,
""네 이제 나가 잠간 화를 피하고 어미 낮을 보아 쉬이 돌아와 나로 하여금 실망하는 병이 업게 하라.""
하며 못내 설워하니, 길동이 무수히 위로하며 눈물을 거두어 하직하고 문 밖에 나서니 광대한 천지간에 한 몸이 용납할 곳이 없는지라. 탄식으로 정처없이 가니라."
이젹의부인이ᄌᆞᄀᆡᆨ을길동의게보ᄂᆡ쥴알으시고밤이맛도록ᄌᆞᆷ을이뢰지못ᄒᆞ고무슈히탄식ᄒᆞ시니장ᄌᆞ길현이위로왈소ᄌᆞ도시러곰마지못ᄒᆞ온일이오니져쥭은후이라도엇지ᄒᆞᆫ이업ᄉᆞ오릿ᄀᆞ졔어미을더옥이후ᄃᆡᄒᆞ여일ᄉᆡᆼ을편케ᄒᆞ옵고졔의시신을후장ᄒᆞ여야쳐ᄒᆞᆫ마음을만분지일이나덜을ᄀᆞᄒᆞᄂᆞ이다ᄒᆞ고밤을지ᄂᆡ더니잇틋날평명의초낭이별당의날이박도록소식업스물괴이녀겨ᄉᆞᄅᆞᆷ을보ᄂᆡ여탐지ᄒᆞ니길동은간ᄃᆡ업고목업는쥭염두리방즁의ᄭᅥᆺ구려져거날ᄌᆞ셰히보니특ᄌᆞ와관상녀라초낭이이말을듯고크게놀ᄂᆡ여급피ᄂᆡ당의드러ᄀᆞ이ᄉᆞ연을부인게고ᄒᆞ니부인이ᄃᆡ경ᄒᆞ여장ᄌᆞ길현을블너길동을ᄎᆞ즈되종시거쳐을아지못ᄒᆞᄂᆞᆫ지라,"이때에 부인이 자객을 길동에게 보낸 줄 아시고 밤이 새도록 잠을 이루지 못하고 무수히 탄식하시니, 장자 길현이 위로 왈,
""소자도 능히 마지 못하온 일이오니 저 죽은 후에라도 어찌 한이 없사오리까? 제 어미를 더욱 후대하여 일생을 편케 하옵고, 제의 시신을 후장하여 야처한 마음을 만분지일이나 덜을까 하나이다.""
하고 밤을 지내더, 이튿날 평명에 초낭이 별당에 날이 밝도록 소식 없음을 괴히 여겨 사람을 보내 탐지하니, 길동은 간데 없고 목 없는 주검 둘이 방중에 거꾸러져 있거늘, 자세히 보니 특자와 관상녀라. 초낭이 이 말을 듣고 크게 놀래어 급히 내당에 들외가 이 사연을 부인께 고하니, 부인이 대경하여 장자 길현을 볼러 길동을 찾으되 종시 거처를 알지 못하는지라."
ᄃᆡ감을쳥ᄒᆞ여슈말을알외며죄을쳥ᄒᆞ니ᄃᆡ감이ᄃᆡᄎᆡᆨ왈ᄀᆞᄂᆡ의이런변고을지으니화장ᄎᆞ무궁ᄒᆞᆯ지라간밤의길동이집을ᄯᅥᄂᆞ노라ᄒᆞ고ᄒᆞ직을고ᄒᆞ긔로무슨일인지모랏더니윈ᄂᆡ이일이잇스물엇지아리요ᄒᆞ시고초낭을ᄃᆡᄎᆡᆨ왈네압슌의괴히ᄒᆞᆫ말을ᄌᆞ아ᄂᆡ긔로ᄭᅮ지져믈이치고그ᄃᆡ예말을다시ᄂᆡ지말나ᄒᆞ여거날네둉시마ᄋᆞᆷ을고치지아니ᄒᆞ고ᄀᆞᄂᆡ의잇셔이럿ᄐᆞ시변을지으니죄을의논컨ᄃᆡ쥭긔을면치못ᄒᆞ리라엇지ᄂᆡ안젼의두고보리요ᄒᆞ시노복을블너두쥬검을남이모로게치우고마ᄋᆞᆷ들고즐몰나좌블안셕ᄒᆞ시더라,"대감을 청하여 수말을 아뢰며 죄를 청하니, 대감이 대책왈,
""가내에 이런 변고를 지으니 화 장차 무궁할지라. 간밤에 길동이 집을 떠나노라 하고 하직을 고하기로 무슨 일인지 몰랐더니 원래 이일이 있음을 어찌 알았으리요.""
하고, 초낭을 대책 왈,
""네 앞 순에 괴이한 말을 자아내기로 꾸짖어 물리치고 그같은 말을 다시 내지 말라 하였거늘, 네 종시 마음을 고치지 아니하고 가내에 있어 이렇듯이 변을 지으니 죄를 의논컨대 죽기를 면치 못하리라. 어찌 내 안전에 두고 보리요.""
하시(고), 노복을 불러 두 주검을 남이 모르게 치우고 마음 둘 곳을 몰라 좌불안석하시더라."
이젹의길동이집을ᄯᅥᄂᆞᄉᆞ방으로쥬류ᄒᆞ더니일일은ᄒᆞᆫ고ᄃᆡ이르니만쳡산장이하날의다흔듯ᄒᆞ고초목이무셩ᄒᆞ여동셔을분별치못ᄒᆞᄂᆞᆫ즁의ᄒᆡᆺ빗츤셰양이되고인ᄀᆞᄯᅩᄒᆞᆫ업슨이진퇴유곡이라ᄇᆡ야으로쥬져ᄒᆞ더니ᄒᆞᆫ고듸바ᄅᆞ보니고히ᄒᆞᆫ표ᄌᆞ셰ᄂᆡᆫ물을조ᄎᆞᄯᅥ오거날인ᄀᆞ잇ᄂᆞᆫ쥴짐작ᄒᆞ고시ᄂᆡ물을조ᄎᆞ슈리을드러ᄀᆞ니산쳔이열이인고듸슈ᄇᆡᆨ인ᄀᆞ쥴비ᄒᆞ거날길동이그촌즁의드러ᄀᆞ니ᄒᆞᆫ고ᄃᆡ슈ᄇᆡᆨ인이모와ᄌᆞᆫᄎᆡ을ᄇᆡ셜ᄒᆞ고ᄇᆡ반이낭ᄌᆞᄒᆞᆫ듸공논이분운ᄒᆞ더라,"이때에 길동이 집을 떠나 사방으로 주류하더니, 일일은 한 곳에 이르니 만첩산장이 하늘에 닿은 듯하고, 초목이 무성하여 동서를 분별치 못하는 중에 햇빛은 세양이 되고 인가 또한 없으니 진퇴유곡이라. 바야흐로 주저하더니, 한 곳을 바라보니 괴이한 표자 시냇물을 쫓아 떠오거늘, 인가 있는줄 짐작하고 시젓물을 쫓아 수리를 들어가니, 산천이 열린 곳에 수백 인가 즐비하거늘. 길동이 그 촌중에 들어가니, 한 곳에 수백 인이 모여 잔치를 배설하고 배반이 낭자한대 공론이 분운하더라."
원ᄂᆡᄎᆞ촌은젹굴이라이날맛ᄎᆞᆷ장슈을졍ᄒᆞ려ᄒᆞ고공논이분운ᄒᆞ더니길동이말을듯고ᄂᆡ렴의혀아리되ᄂᆡ지쳐업ᄂᆞᆫᄌᆡ초로위연이이고ᄃᆡ당ᄒᆞ엿스니이ᄂᆞᆫ날노ᄒᆞ여곰하날이지시ᄒᆞ시미로다몸을녹님의붓쳐남아의지긔을펴리라ᄒᆞ고좌즁의나ᄋᆞᄀᆞ셩명을통ᄒᆞ여왈나ᄂᆞᆫ경셩홍승상의아ᄌᆞ로셔ᄉᆞᄅᆞᆷ을쥭이고망명도쥬ᄒᆞ야ᄉᆞ방의쥬류ᄒᆞ옵더니오날날하날니지시ᄒᆞᄉᆞ위연이이고ᄃᆡ이르러시니녹님호걸의읏듬장슈되미엇더ᄒᆞᆫ요ᄒᆞ며ᄌᆞ쳥ᄒᆞ니좌즁졔인이이ᄯᆡ슐이취ᄒᆞ여바야으로공논달난ᄒᆞ더니불의예ᄂᆞᆫᄃᆡ업는총각아희드러와ᄌᆞ쳥ᄒᆞᄆᆡ셔로도라보며ᄭᅮ지져왈우리슈ᄇᆡᆨ인이다졀인지력을ᄀᆞ져스되지금두ᄀᆞ지일을ᄒᆡᆼᄒᆞ리업셔유예미결ᄒᆞ거니와너ᄂᆞᆫ엇더ᄒᆞᆫ아ᄒᆡ로셔감히우리년셕의들입ᄒᆞ여언ᄉᆞ이럿ᄐᆞᆺ괴만ᄒᆞ뇨인명을ᄉᆡᆼ각ᄒᆞ야살여보ᄂᆡ니급피도라ᄀᆞ라ᄒᆞ고등미러ᄂᆡ치거날,"원래 차촌은 적굴이라. 이날 마침 장수를 정하려 하고 공론이 분운하더니 길동 이 말을 듣고 내념에 해아리되,
""내 지처없는 처지로 위연이 이 곳에 당하였으니 이는 나로하여금 하늘이 지시하심이로다. 몸을 녹림에 붙여 남아의 지기를 펴리라.""
하고 좌중에 나아가 성명을 통하여 왈,
""나는 경성 홍승상의 아자로서 사람을 죽이고 망명도주하여 사방에 주류하옵더니, 오늘날 하늘이 지시하사 위연이 이 곳에 이르렀으니 녹림호걸의 으뜸 장수됨이 어려하노?""
하며 자청하니. 좌중제인이 이때 술이 취하여 바야흐로 공론 달난하더니, 불의에 난데없는 총각아이 들어와 자청하매 서로 돌아보며 꾸짖어 왈,
""우리 수백 인이 다 절인지력을 가졌으되 지금 두 가지 일을 행할이 없어 유예미결하거니와, 너는 어떠한 아이로서 감히 우리 연석에 돌입하여 언사 이렇듯이 괴망하뇨? 인명을 생각하여 살려보내니 급히 돌아가라.""
하고 등 밀어 내치거늘,"
길동이듥문밧긔나와큰남글ᄭᅥᆨ거글을쓰되용이엿튼믈의ᄌᆞᆷ겨시니어별이침노이며범이집푼슘풀을일희ᄆᆡ여히와톡긔의조롱을보ᄂᆞᆫᄯᅩᄃᆞ오ᄅᆡ지아니녀셔풍운을어드면그볏화측냥키어려오리로다ᄒᆞ엿더니ᄒᆞᆫ군ᄉᆞ그글을등셔ᄒᆞ여좌즁의드리니상좌의ᄒᆞᆫᄉᆞᄅᆞᆷ이그글을보다ᄀᆞ여러ᄉᆞᄅᆞᆷ의게쳥ᄒᆞ여왈그아히거동이비범ᄒᆞᆯᄲᅮᆫ아니라더옥키홍승상의ᄌᆞ졔라ᄒᆞ니슈ᄌᆞ을쳥ᄒᆞ여그ᄌᆡ조을시험ᄒᆞᆫ후의쳐치ᄒᆞ미ᄒᆡ롭지아니타ᄒᆞ니좌즁졔인이응낙ᄒᆞ여즉시길동을쳥ᄒᆞ여좌상의안치고이로ᄃᆡ즉금우리의논이두ᄀᆞ지라ᄒᆞᆫ나흔이압푸초부석이라ᄒᆞ난돍긔잇스니즁이쳔여근이라좌즁으셔ᄂᆞᆫ용이케들ᄉᆞᄅᆞᆷ이업고두른경상도합쳔ᄒᆡ인ᄉᆞ의누거만ᄌᆡ니스도즁이슈쳔명이라그졀을치고ᄌᆡ믈을아슬모ᄎᆡᆨ이업ᄂᆞᆫ지라슈ᄌᆡ이두ᄀᆞ지을능히ᄒᆡᆼᄒᆞ면오ᄂᆞᆯ봇텀장슈을봉ᄒᆞ리라ᄒᆞ거날길동이이말을듯고우셔왈ᄃᆡ장부셰상의쳐ᄒᆞᄆᆡ맛당이상통쳔문ᄒᆞ고부찰지리ᄒᆞ고즁찰인의ᄒᆞᆯ지라엇지이만일을겁ᄒᆞ리요ᄒᆞ고직시팔을것고그고듸나아ᄀᆞ초부셕을드러팔우의언고슈십보을ᄒᆡᆼᄒᆞ다ᄀᆞ도로그ᄌᆞ리예노흐되일분계우ᄂᆞᆫ긔ᄉᆡᆨ이업스니모든ᄉᆞᄅᆞᆷ이ᄃᆡᄎᆞᆫ왈실노장ᄉᆞ로다ᄒᆞ고상좌의안치고슐을권ᄒᆞ며장슈라일카러치하분분ᄒᆞᄂᆞᆫ지라,"길동이 돌문 밖에 나와 큰 나무를 꺾어 글을 쓰되,
""용이 얕은 물에 잠기어 있으니 어별이 침노하며, 범이 깊은 수풀을 잃으매 여우와 토끼의 조롱을 보는도다. 오래지 아니해서 풍운을 얻으면 그 변화 측량키 어려우리로다.""
하였더니, 한 군사 그 글을 등서하여 좌중에 드리니, 상좌의 한 사람이 그 글을 보다가 여러 사람에게 청하여 왈,
""그 아이 거동이 비범할 뿐 아니라, 더우기 홍승상의 자제라 하니 수자를 청하여 그 재주를 시험한 후에 처치함이 해롭지 아니하다.""
하니, 좌중제인이 응락하여 즉시 길동을 청하여 좌상에 앉히고 이르되,
""즉금 우리 의논이 두 가지라. 하나는 이 앞의 초부석이라 하는 돌이 있으니 중이 천여근이라 좌중에서는 용이케 들 사람이 없고, 둘은 경상도 합천 해인사에 누거만재이나 수도중이 수천 명이라 그 절을 치고 재물을 앗을 모책이 없는지라. 수자가 이 두 가지틀 능히 행하면 오늘부터 장수를 봉하리라.""
하거늘,
길동이 이 말을 듣고 웃어 왈,
""대장부 세상에 처하매 마땅히 상통천문하고, 부찰지리하고. 중찰인의할지라. 어찌 이만 일을 겁하리요.""
하고, 즉시 팔을 걷고 그 곳에 나아가 초부석을 들어 팔 위에 얹고 수 십 보를 행하다가 도로 그 자리에 놓으되 일분 겨워하는 기색이 없으니 모든 사람이 대찬 왈,
""실로 장사로다!""
하고, 상좌에 앉히고 술을 권하며 장수라 일컬어 치하 분분하는지라."
길동이군ᄉᆞ을명ᄒᆞ여ᄇᆡᆨ마을ᄌᆞ바피를마셔ᄆᆡᆼ셰ᄒᆞᆯᄉᆡ졔군으게호령왈우리슈ᄇᆡᆨ인이오ᄂᆞᆯ븟텀ᄉᆞᄉᆡᆼ고락을ᄒᆞᆫᄀᆞ지ᄒᆞᆯ지니만일약속을ᄇᆡ반ᄒᆞ고영을어긔오ᄂᆞᆫᄌᆡ잇스면군법으로시ᄒᆡᆼᄒᆞ리라ᄒᆞ니졔군이일시예쳥영ᄒᆞ고즐긔더라슈일후의졔군의게분부왈ᄂᆡ합쳔ᄒᆡ인ᄉᆞ의ᄀᆞ모ᄎᆡᆨ을졍ᄒᆞ고오리라ᄒᆞ고셔동복ᄉᆡᆨ으로ᄂᆞ귀을타고종ᄌᆞ슈인을다리고ᄀᆞ니완연ᄒᆞᆫᄌᆡ상의ᄌᆞ졔리라,"길동이 군사를 명하여 백마를 잡아 피를 마셔 맹세할새 제군에게 호령 왈,
""우리 수백 인이 오늘부터 사생고락을 한가지로 할지니 만일 약속을 배반하고 영을 어기는 자가 있으면 군법으로 시행하리라.""
하니, 제군이 일시에 청령하고 즐기더라.
수일 후에 제군에게 분부 왈,
""내 합천 해인사에 가 모책을 정하고 오리라.""
하고, 서동복색으로 나귀를 타고 종자 수인을 데리고 가니 완연한 재상의 자제이더라."
ᄒᆡ인ᄉᆞ의노문ᄒᆞ되경셩호승상ᄃᆡᆨᄌᆞ졔공부ᄎᆞ로오신다ᄒᆞ니ᄉᆞ즁졔승노문을듯고의논ᄒᆞ되ᄌᆡ상ᄀᆞᄌᆞ졔졀의거쳐ᄒᆞ시면그심이젹지아니ᄒᆞ리로다ᄒᆞ고일시의동구밧긔마ᄌᆞ문안ᄒᆞ니길동이흔연이ᄉᆞ즁의드러ᄀᆞ좌졍후의졔승을ᄃᆡᄒᆞ여왈ᄂᆡ드르니네졀이경셩의유명ᄒᆞ긔로소문을놉피듯고먼ᄃᆡ을헤아리지아니ᄒᆞ고ᄒᆞᆫ번귀경도ᄒᆞ고공부도ᄒᆞ려ᄒᆞ야왓시니너의도괴로히ᄉᆡᆼ갹지말ᄲᅮᆫ더러ᄉᆞ즁의머무ᄂᆞᆫ잡인을일졔믈이치라ᄂᆡ아모고을아즁의ᄀᆞ본관을보고ᄇᆡᆨ미이십셕을보ᄂᆡᆯ거시니아모날음식을작만ᄒᆞ라ᄂᆡ너희로더부러승속지분의을바리고동낙ᄒᆞᆫ후의그날봇텀공부ᄒᆞ리라ᄒᆞ니졔승이황공슈명ᄒᆞ더라,"해인사에 노문하되,
""경성 홍승상댁 자제 공부차로 오신다.""
하니 사중 제승 노문을 듣고 의논하되,
""재상가 자제 절에 거처하시면 그 힘이 적지 아니하리로다.""
하고 일시에 동구 밖에 맞아 문안하니, 길동이 혼연히 사중에 돌아가 좌정 후에 제승을 대하여 왈,
""내 들으니 네 절이 경성에 유명하기로 소문을 높이 듣고 먼 데를 헤아리지 아니하고 한 번 구경도 하고 공부도 하려하여 왔으니, 너희도 괴로히 생각지 말 뿐더러 사중에 머무는 잡일을 일체 물리치라. 내 아무 고을 아중에 가 본관을 보고 백미 이십 석을 보낼 것이 니 아무날 음식을 장만하라. 내 너회와 더불어 승속지분의를 버리고 동락한 후에 그날부터 공부하리라.""
하니, 제승이 황공 수명하더라."
명당ᄉᆞ면으로단이며두류살핀후의도라와젹군슈십인의게ᄇᆡᆨ미이십셕을보ᄂᆡ며왈아모아즁의셔보ᄂᆡ더라이르니라졔승이엇지ᄃᆡ젹의흉계을아리요ᄒᆡᆼ여분부을어긔일ᄀᆞ념예ᄒᆞ여그ᄇᆡᆨ미로즉시음식을쟉만ᄒᆞ며일변ᄉᆞ즁의머무ᄂᆞᆫ잡인을다보ᄂᆡ니라긔약ᄒᆞᆫ날의길동이졔젹의게분부ᄒᆞ되이졔ᄒᆡ인ᄉᆞ의가졔승을다졀박ᄒᆞᆯ거시니너희등이근쳐의ᄆᆡ복ᄒᆞ엿다ᄀᆞ일시의졀의드러와ᄌᆡ믈을슈탐ᄒᆞ여ᄀᆞ지고ᄂᆡ의ᄀᆞ르치ᄂᆞᆫᄃᆡ로ᄒᆡᆼᄒᆞ되부ᄃᆡ영을어기지말나ᄒᆞ고장ᄃᆡᄒᆞᆫᄒᆞ인십여인을거ᄂᆞ리고ᄒᆡ인ᄉᆞ을향ᄒᆞ니라,"(법)당 사면으로 다니며 두루 살핀후에 돌아와 적군 수십인에게 백미 이십석을 보내며 왈,
""아무 아중에서 보내더라.""
이르니라. 제승이 어찌 대적의 흉계를 알리요. 행여 분부를 어길까 염려하여 그 백미로 즉시 음식을 장만하며, 일변 사중에 머무는 잡인을 다 보내니라.
기약한 날에 길동이 제적에게 분부하되,
""이제 해인사에 가 제승을 다 결박할 것이니 너희등이 근처에 매복하였다가 일시에 절에 들어와 재물을 수탐하여 가지고 나의 가르치는 대로 행하되 부디 영을 어기지 말라.""
하고, 장대한 하인 십여인을 거느리고 해인사로 향하니라."
잇ᄯᆡ졔승이동구밧긔나와ᄃᆡ후ᄒᆞ는지라길동이드러ᄀᆞ분부왈ᄉᆞ즁졔승이노소업시ᄒᆞᆫᄂᆞ도ᄲᆞ지지말고일졔히졀뒤벽계로모희라오날은너희와ᄒᆞᆷ긔종일포취ᄒᆞ고노리라ᄒᆞ니즁드리먹긔도위ᄒᆞᆯᄲᅮᆫ더러분부을어긔오면ᄒᆡᆼ여죄잇슬ᄀᆞ져위ᄒᆞ야일시의슈쳔졔승이벽계로모흐니ᄉᆞ즁은통이비엿ᄂᆞᆫ지라길동이좌상의안고졔승을ᄎᆡ례로안친후의각각상을ᄇᆞᄃᆞ슐도권ᄒᆞ며즐긔ᄃᆞᄀᆞ이윽ᄒᆞ야식상을드리거날길동이ᄉᆞᄆᆡ로셔모ᄅᆡ을ᄂᆡ여입의넛코씨부니돌ᄭᆡ지ᄂᆞᆫ소ᄅᆡ예제승이혼블부신ᄒᆞᄂᆞᆫ지라길동이ᄃᆡ로왈ᄂᆡ너희로더부러승속지분의을ᄇᆞ니고즐긘후의유ᄒᆞ여공부ᄒᆞ렷더니이완만ᄒᆞᆫ즁놈드리날을슈히보고음식의부졍ᄒᆞ미이갓ᄐᆞ니ᄀᆞ이통분ᄒᆞᆫ지라다려ᄀᆞᆺ든ᄒᆞ인을호렁ᄒᆞ여졔승을일졔결박ᄒᆞ라ᄌᆡ촉이셩화ᄀᆞ튼지라ᄒᆞ인이일시예다려졀승을졀박ᄒᆞᆯᄉᆡ엇지일분ᄉᆞ졍이잇스리요,"이때 제승이 동구 밖에 나와 대후하는지라. 길동이 들어가 분부 왈,
""사중 제승이 노소없이 하나도 빠지지 말고 일제히 절 뒤 벽계로 모이라. 오늘은 너희와 함께 종일 포취하고 놀리라.""
하니, 중들이 먹기도 위할 뿐떠러 분부를 어기면 행여 죄 있을까 저어하여 일시에 수천 제승이 벽계로 모이니 사중은 통 비었는지라. 길동이 좌상에 앉고 제승을 차례로 앉힌 후에 각각 상을 받아 술도 권하며 즐기다가 이윽하여 식상을 드리거늘, 길동이 소매로부터 모래를 내어 입에 넣고 씹으니 돌깨지는 소리에 제승이 혼불부신하는지라. 길동이 대로 왈,
""내 너희로 더불어 승속지분의를 버리고 즐긴 후에 유하여 공부하렸더니 이 완만한 중놈들이 나를 수이 보고 음식의 부정함이 이 같으니 가히 통분한지라.""
데리고 갔던 하인을 호령하여,
""제승을 일제히 곁박하라.""
재촉이 성화같은지라. 하인이 일시에 달려듈어 절승을 결박할새 어찌 일분 사정이 있으리요."
잇ᄯᆡ의졔젹이동구ᄉᆞ면의ᄆᆡ복ᄒᆞ엿다ᄀᆞ이긔미을탐지ᄒᆞ고일시의달녀들어고을열고슈만금ᄌᆡ물을졔것ᄀᆞ져ᄀᆞ다시우마의실고간들ᄉᆞ지을요동치못ᄒᆞᄂᆞᆫ즁드리엇지금단ᄒᆞ리요다만입으로원통타ᄒᆞᄂᆞᆫ소ᄅᆡ동중이문허지는듯ᄒᆞ더라이ᄯᆡᄉᆞ즁의ᄒᆞᆫ목공이잇셔이즁의ᄎᆞᆷ예치아니ᄒᆞ고졀을직키다ᄀᆞ난ᄃᆡ업ᄂᆞᆫ도젹이드러와고를열고졔것ᄀᆞ져ᄀᆞ다시ᄒᆞᄆᆡ급피도망ᄒᆞ여합쳔관가의ᄀᆞ이연유을알외니합쳔원이ᄃᆡ경일변관인을보ᄂᆡ며ᄯᅩ일변관군을조발ᄒᆞ여츄종ᄒᆞᄂᆞᆫ지라모든도젹이ᄌᆡ믈을실ᄭᅩ우마을몰ᄂᆞ나셔벼멸니ᄇᆞᄅᆞ보니슈쳔군ᄉᆞ풍우ᄀᆞᆺ치모라오ᄆᆡᄯᅴ글이ᄒᆞ날의다ᄒᆞᆫ듯ᄒᆞ더라졔젹이ᄃᆡ겁ᄒᆞ야갈ᄇᆞ를아지못ᄒᆞ고도로혀길동을원망ᄒᆞᄂᆞᆫ지라,"이때 제적이 동구 사면에 매복하였다가 이 기미를 탐지하고, 일사에 달려들어 고를 열고 수만금 재물을 제 것 가져가듯이 우마에 싣고 간들 사지를 요동치 못하는 중들이 어찌 금단하리오. 다만 입으로 원통하다 하는 소리 동중이 무너지는 듯 하더라. 이때 사중에 한 목공이 있어 이 중에 참여치 아니하고 절을 지키다가 난데없는 도적이 들어와 고를 열고 제 것 가져가듯이 하매, 급히 도망하여 합천 관가에 가 이 연유를 아뢰니, 합천원이 대경, 일변 관인을 보내며, 또 일변 관군을 조발하여 추종하는지라. 모든 도적이 재물을 싣고 우마를 몰아 나서며 멀리 바라보너 수천 군사 풍우같이 몰려오매 티끌이 하늘에 닿은 듯 하더라. 제적이 대겁하여 갈 바를 알지 못하고 도리어 길동을 원망하는지라."
길동이소왈너희엇지ᄂᆡ의비계을아니요염녀말고남편ᄃᆡ로로ᄀᆞ라ᄂᆡ져오ᄂᆞᆫ관군을북편소로로ᄀᆞ게ᄒᆞ리라ᄒᆞ고볍당의드러ᄀᆞ즁의장ᄉᆞᆷ을입고ᄭᅩᆺ갈을쓰고놉푼봉의올ᄂᆞ관군을불너위여왈도젹이북편소로로ᄀᆞᆺᄉᆞ오니이리로오지말고그리ᄀᆞ포착ᄒᆞ옵소셔ᄒᆞ며장ᄉᆞᆷ소ᄆᆡ을날여북편소로를ᄀᆞ르치니관군이오다ᄀᆞ남노를바리고노승의ᄀᆞ르치ᄂᆞᆫᄃᆡ로북평소로로ᄀᆞ거을길동이나려와츅지법을ᄒᆡᆼᄒᆞ야졔젹을인도ᄒᆞ야동즁으로도라오니졔젹이치하분분ᄒᆞ더라이젹의합쳔원이관군모라도젹을츄둉ᄒᆞ되ᄌᆞ최을보지못ᄒᆞ고도라오ᄆᆡ일읍이소동ᄒᆞᄂᆞᆫ지라이연유을감영의장문ᄒᆞ니감ᄉᆞ듯고놀ᄂᆡ여각읍의발포ᄒᆞ여도젹을ᄌᆞ부되종시형지을몰나도뢰분쥬ᄒᆞ더라,"길동이 소왈,
""너희가 어찌 나의 비계를 알리요? 염려말고 남편 대로로 가라. 내 저 오는 관군을 북편 소로로 가게 하리라.""
하고, 법당에 들어가 중의 장삼을 입고, 고갈을 쓰고, 높은 봉에 올라 관군을 불러 외쳐 왈,
""도적이 북편 소로로 갔사오니 이리로 오지 말고 그리 가 포착하옵소서.""
하며, 장삼 소매를 날려 북편 소로를 가리키니, 관군이 오다가 남로를 버리고 노승의 가리키는 대로 북편 소로로 가거늘, 길동이 내려와 축지법을 행하여 제적을 인도하여 동중으로 돌아오니 제적이 치하 분분하더라.
이때에 합천 원이 관군을 몰아 도적을 추종하되 자취를 보지 못하고 돌아오매 일읍이 소동하는지라. 이 연유를 감영에 장문하니, 감사 듣고 놀래어 각 읍에 발포하여 도적을 잡되 종시 형적을 몰라 도로 분주하더라."
일일은길동이졔적을블너의논왈우리비록녹님의몸을븟쳑시나다나라ᄇᆡᆨ셩이라셰ᄃᆡ로이나ᄅᆞ슈토을먹으니만일위ᄐᆡᄒᆞᆫ시졀을당ᄒᆞ면맛당이시셕을무릅씨고인군을도을지니엇지병볍을심쓰지아니ᄒᆞ리요이졔군긔을도모ᄒᆞᆯ모ᄎᆡᆨ이잇시니아모날함경감영남문밧긔능소근쳐의시초을슈운ᄒᆞ엿다ᄀᆞ그날밤ᄉᆞᆷ경의블을노흐되능소의ᄂᆞᆫ볌치못ᄒᆞ졔ᄒᆞ라나난나문군ᄉᆞ을거ᄂᆞ리고지다려감영의드러ᄀᆞ군긔와창고을탈취ᄒᆞ리라약속을졍ᄒᆞᆫ후의긔약ᄒᆞᆫ날의군ᄉᆞ을두초의난호와ᄒᆞᆫ초ᄂᆞᆫ시쵸을슈운ᄒᆞ라ᄒᆞ고ᄯᅩᄒᆞᆫ초난길동이거나려ᄆᆡ복ᄒᆞ엿다ᄀᆞᄉᆞᆷ경이되ᄆᆡ능소근쳐의화광이등쳔ᄒᆞ어거을길동이급피드러ᄀᆞ관문을두다리며소ᄅᆡᄒᆞ되능소의불리낫ᄉᆞ오니급피구완ᄒᆞ옵소셔감ᄉᆞ잠결의ᄃᆡ경ᄒᆞ여나셔보니과연화광이창쳔ᄒᆞᆫ지라,"일일은 길동이 제적을 불러 의논 왈,
""우리, 비록 녹림에 몸을 붙였으나 다 나라 백성이라. 세대로 나라 수토를 먹으니 만일 위태한 시절을 당하면 마땅히 시석을 무릅쓰고 민군을 도울지니 어찌 형법을 힘쓰지 아니하리요? 이제 군기를 도모할 모책이 있으니, 아무날 함경감영 남문 밖의 능소 근처에 시초를 수운하였다가 그날밤 삼경에 불을 놓으되 능소에는 범치 못하게 하라. 나는 남은 군사를 거느리고 기다려 감영에 틀어가 군기와 창고를 탈취하리라.""
약속을 정한 후에 기약한 날에 군사를 두 초로 나누어 한 초는 시초를 수운하라 하고, 또 한 초는 길동이 거느려 매복하였다가 삼경이 되매 능소 근처에 화광이 등천하였거늘, 길동이 급히 들어가 관문을 두드리며 소리하되,
""능소에 불이 났사오니 급히 구원하옵소서.""
감사 잠결에 대경하여 나화서 보니 과연 화광이 창천한지라."
ᄒᆞ인을거ᄂᆞ리고ᄂᆞᄀᆞ며일변군ᄉᆞ을조발ᄒᆞ니셩즁이물ᄭᅳᆯ틋ᄒᆞᄂᆞᆫ지라ᄇᆡᆨ셩들도다능소의ᄀᆞ고셩즁이공허허여노약만나맛ᄂᆞᆫ지라길동이졔젹을거ᄂᆞ리고일시의달여드러창곡과군긔을도젹ᄒᆞ야ᄀᆞ지고츅지볍을ᄒᆡᆼᄒᆞ야순식의동즁으로도라오니라이젹의감ᄉᆞ불을구ᄒᆞ고도라오니창곡직킨군ᄉᆞ알의되도젹이드러와챵고을얼고군긔와곡식을도젹ᄒᆞ여ᄀᆞᆺ난이다ᄒᆞ거날크게놀ᄂᆡ여ᄉᆞ방으로군ᄉᆞ를발포ᄒᆞ여슈탐ᄒᆞ되형젹이업난지라변괸쥴알고이연유을나라의쥬문ᄒᆞ니라,"하인을 거느리고 나가며, 일변 군사를 조발하니 성중이 물 끓는 듯 하는지라. 백성들도 다 능소에 가고 성중이 공허하여 노약자만 남았는지라. 길동이 제적을 거느리고 일시에 달려들어 창곡좌 군기를 도적하여 가지고 축지법을 행하여 순식에 동중으로 돌아오더라.
이때에 감사 불을 구하조 돌아오니 창곡 지킨 군사 아뢰되,
""도적이 들어와 창고를 열고 군기와 곡식을 도적하여 갔나이다.""
하거늘, 크게 놀래어 사방으로 군사를 발포하여 수탐하되 형적이 없는지라. 변괴인 줄 알고 이 연유를 나라에 주문하니라."
이날밤의길동이동즁의도라와잔ᄎᆡ을베풀고질긔벼왈우리이졔난ᄇᆡᆨ셩의ᄌᆡ믈은츄호도탈ᄎᆔ치말고각읍슈령과방ᄇᆡᆨ의준민고ᄐᆡᆨᄒᆞᄂᆞᆫᄌᆡ믈을노략ᄒᆞ야혹블상ᄒᆞᆫᄇᆡᆨ셩을구졔ᄒᆞᆯ지니이동호를활빈당이라ᄒᆞ리라ᄒᆞ고ᄯᅩ가로ᄃᆡ함경감영으셔군긔와곡식을일코우리종젹은아지못ᄒᆞᄆᆡ져간의ᄋᆡᄆᆡᄒᆞᆫᄉᆞᄅᆞᆷ이허다히상할지라ᄂᆡ몸의죄을지혀ᄋᆡᄆᆡᄒᆞᆫᄇᆡᆨ셩으게도라보ᄂᆡ면ᄉᆞᄅᆞᆷ은비록아지못ᄒᆞᄂᆞ쳔별이두렵지아니ᄒᆞ랴ᄒᆞ고즉시감령북문의쎠븟치되창곡과군긔도젹ᄒᆞ긔난활빈당장슈홍길동이라ᄒᆞ여더라,"이날 밤에 길동이 동중에 돌아와 잔치를 베풀고 즐기며 왈,
""우리 이제는 백성의 재물은 추호도 탈취치 말고, 악 읍 수령과 방백의 준민고택하는 재물을 노략하여 혹 불쌍한 백성을 구제할지니, 이 동호를 활빈당이라 하리라.""
하고, 또 가로되,
""함경감영에서 군기와 곡식을 잃고 우리 종적은 알지 못하매 저간에 애매한 사람이 허다히 상할지라. 내 몸의 죄를 지어 애매한 백성에게 돌려보내면 사람은 비록 알지 못하나 천벌이 두렵지 아니하랴?""
하고, 즉시 감영 북문에 써 붙이되,
""창곡좌 군기 도적하기는 활빈당 당수 홍길동이라.""
하였더라,"
일일은길동이ᄉᆡᆼ각ᄒᆞ되ᄂᆡ의팔ᄌᆞ무상ᄒᆞ여집을도망ᄒᆞ여몸을녹님호결의븟쳐시나본심이아니라입신양명ᄒᆞ여우희로임군을도와ᄇᆡᆨ셩을건지고부모으게영화을뵈일거시여ᄂᆞᆯ남의쳔ᄃᆡ를분이녀겨이지경이이르럿시니ᄎᆞ라리일노인ᄒᆞ여큰일홈을어더후셰예젼ᄒᆞ리라ᄒᆞ고초인일곱을망그라각각군ᄉᆞ오십명식영거ᄒᆞ야팔도의분발할ᄉᆡ다각긔혼ᄇᆡᆨ을븟쳐조화무궁ᄒᆞ니군ᄉᆞ셔로의심ᄒᆞ여어ᄂᆡ도로ᄀᆞ난거시ᄎᆞᆷ길동인쥴을모로더라,"일일은 길동이 생각하되,
""나외 팔자 무상하여 집을 도망하여 몸을 녹림호걸에 붙였으나 본심이 아니라. 입신양명하여 위로 임금을 도와 백성을 건지고 부모에게 영화를 뵈일 것이거늘, 남의 천대를 분히 여겨 이 지경에 이르렀으니 차라리 이로 인하여 큰 이름을 얻어 후세에 전하리라.""
하고, 초인 일곱을 만들어 각각 군사 오십 명씩 영거하여 팔도에 분발할새, 다 각기 혼백을 붙여 조화무궁하니 군사 서로 의심하여 어느 도로 가는 것이 참 길동인 줄을 모르더라."
각각팔도의횡ᄒᆡᆼᄒᆞ며블의ᄒᆞᆫᄉᆞᄅᆞᆷ의ᄌᆞ믈아셔블상ᄒᆞᆫᄉᆞᄅᆞᆷ을구졔ᄒᆞ고슈령의뇌믈을탈취ᄒᆞ고창고을열어ᄇᆡᆨ셩을진휼ᄒᆞ니각유소동ᄒᆞ여창고직킨군ᄉᆞ잠을이르지못ᄒᆞ고직키ᄂᆞ길동의슈단이ᄒᆞᆫ변움ᄌᆞ긔면풍우ᄃᆡ작ᄒᆞ며운무ᄌᆞ옥ᄒᆞ야쳔지를분별치못ᄒᆞ니슈직ᄒᆞ난군ᄉᆞ손을묵근다시금졔치못ᄒᆞᄂᆞᆫ지라팔도의셔작난ᄒᆞ되명ᄇᆡᆨ키위여왈활빈당장슈홍길동이라졔명ᄒᆞ며횡ᄒᆡᆼᄒᆞ되뉘능히종젹을ᄌᆞ부리요팔도감ᄉᆞ일시예장문을올이거날젼하ᄐᆡᆨ견ᄒᆞ시니각각ᄒᆞ여시되홍길동ᄃᆡ젹이능히풍운을부려각읍의작난ᄒᆞ되아모날은이리이리ᄒᆞᆫ고을의군긔을도젹ᄒᆞ고아모졔난아모고을의창곡을탈취ᄒᆞ여시되이도젹의ᄌᆞᆺ최을ᄌᆞᆸ지못ᄒᆞ여황공ᄒᆞᆫᄉᆞ연을앙달ᄒᆞᄂᆞ이다ᄒᆞ여거날젼하보시고ᄃᆡ경ᄒᆞᄌᆞ각도장문일ᄌᆞ을상고ᄒᆞ시니길동의작난쳔날이동월동일이라젼하크게근심ᄒᆞᄌᆞ일변열읍의ᄒᆞ교ᄒᆞᄉᆞ무론ᄉᆞ셔인ᄒᆞ고만일이도젹을ᄌᆞ부면쳔금상을ᄒᆞ이라조ᄒᆞ시고팔도의어ᄉᆞ을나류와민심을안돈ᄒᆞ고이도젹을ᄌᆞ부라ᄒᆞ시니라,"각각 팔도에 횡행하며 불의한 사람의 재물을 앗아 불쌍한 사람을 구제하고, 수령의 뇌물을 탈취하고, 창고를 열어 백성을 진휼하니, 각유소동하여 창고지키는 군사 잠을 이루지 못하고 지키나, 길동의 수탄이 한 번 움직이면 풍우 대작하며 운무 자욱하여 천지를 분별치 못하니, 수직하는 군사 손을 묶인 듯이 금제치 못하는지라. 팔도에서 작란하되 명백히 외쳐 왈,
""활빈당 장수 홍길동이라.""
제명하며 횡행하되 뉘 능히 종적을 잡으리요?
팔도 감사 일시에 장문을 올리거늘, 전하 택견하시니 각각 하였으되,
""홍길동 대적이 능히 풍운을 부려 각읍에서 작란하여 아무 날은 이리 이리한 고을의 군기를 도적하고, 아무 때는 아무 고을의 창곡을 탈취하엿으되 이 도적의 자취를 잡지 못하여 황공한 사연을 앙달하나이다.""
하였거늘, 전하보시고 대경하사, 각도 장문 일자를 상고하시니 길동의 작란친 날이 동월 동일이라. 전하 크게 근심하사 일변 열읍에 하교하사,
""무론 사서인하고 만일 이 도적을 잡으면 천금상을 하리라.""
조하시고, 팔도에 어사를 내리어, 민심을 안돈하고 이 도적을 잡으라 하시니라."
이후로난길동이혹쌍교을타고단의며슈령을임으로출쳑ᄒᆞ고혹창고을통ᄀᆡᄒᆞ여ᄇᆡᆨ셩을진휼ᄒᆞ며죄인을ᄌᆞᄇᆞᄃᆞᄉᆞ리며옥문을열고무죄ᄒᆞᆫᄉᆞᄅᆞᆷ은방송ᄒᆞ며단이되각읍이종시그종젹을모로고도뢰혀분쥬ᄒᆞ여일국이흉흉ᄒᆞᆫ지라젼하진로ᄒᆞᄉᆞᄀᆞ로ᄉᆞᄃᆡ이엇더ᄒᆞᆫ놈의용ᄆᆡᆼ이ᄒᆞᆫ날의팔도의단이며이ᄀᆞᆺ치댝난ᄒᆞᄂᆞᆫ고나ᄅᆞ을위ᄒᆞ야이놈을ᄌᆞ블ᄌᆡ엄스니ᄀᆞ히ᄒᆞᆫ심ᄒᆞ도다ᄒᆞ시니게하의ᄒᆞᆫᄉᆞᄅᆞᆷ이츌반쥬왈신이비록ᄌᆡ조업ᄉᆞ오나일지병을쥬시면홍길동ᄃᆡ젹을ᄌᆞᄇᆞ젼하의근심을덜이이ᄃᆞᄒᆞ거날모다보니이ᄂᆞᆫ곳포도ᄃᆡ장이업이라,"이 후로는 길동이 혹 쌍교를 타고 다니며 수령을 임의로 출척하고, 흑 창고를 통개하여 백성을 진휼하며, 죄인을 잡아 다스리며, 옥문을 열고 무죄한 사람은 방송하며 다니되, 각 읍이 종시 그 종적을 모르고 도리어 분주하여 일국이 흉흉한지라. 전하 진로하사 가라사대,
""이 어떠한 놈의 용맹이 한 날에 팔도에 다니며 이같이 작란하는고? 나라를 위하여 이 놈을 잡을 자가 없으니 가히 한심하도다!""
하시니, 계하에 한 사람이 출반 주왈,
""신이 비록 재주 없사오나 일지병을 주시면 홍길동 대적을 잡아 전하의 근심을 덜리이다.""
하거늘, 모두 보니 이는 곧 포도대장 이업이라."
젼하긔특이너긔ᄉᆞ졍병일쳔을쥬시니이업이즉시궐하의슉ᄇᆡᄒᆞ직ᄒᆞ고직일발ᄒᆡᆼᄒᆞᆯᄉᆡ과쳔을지ᄂᆡ여ᄂᆞᆫ각각군ᄉᆞ을분발ᄒᆞ야약속을졍ᄒᆞ되너희난이리이리ᄒᆞᆫ고듸로좃ᄎᆞ아모날문경으로모히라ᄒᆞ고미복으로ᄒᆡᆼᄒᆞ야슈일후의ᄒᆞᆫ고듸이르니날이장ᄎᆞ져물거날쥬졈의드러쉬더니이윽고엇더ᄒᆞᆫ소년이나귀를타고동ᄌᆞ슈인을거ᄂᆞ리고드러와좌졍후의셩명과거지를통ᄒᆞ고담화ᄒᆞ더니그셔ᄉᆡᆼ이ᄎᆞ탄왈보쳔지ᄒᆡ막비왕토요솔토지민이막비왕신이라이졔ᄃᆡ젹홍길동이팔도의쟉난ᄒᆞ여민심을요란케ᄒᆞᄆᆡ젼하진로ᄒᆞᄉᆞ팔도의ᄒᆡᆼ관ᄒᆞ여방곡의지위ᄒᆞ여ᄌᆞ부라ᄒᆞ시되종시잡지못ᄒᆞ니분완ᄒᆞᆫ마음은일국이ᄒᆞᆫᄀᆞ지라날ᄀᆞᆺ튼ᄉᆞᄅᆞᆷ도약ᄀᆞᆫ용녁이잇셔이도젹을ᄌᆞ바ᄂᆞᄅᆞ의근심을덜고져ᄒᆞ되힘이넉넉지못ᄒᆞ고뒤흘도을ᄉᆞᄅᆞᆷ이엽스ᄆᆡᄀᆡ탄이로이ᄃᆞ,"전하 기특하게 여기사 정병 일천을 추시니, 이업이 즉시 궐하에 숙배하직하고 즉일 발행할새, 과천을 지나서는 각각 군사를 분발하여 약속을 정하되,
""너희는 이러 이러한 곳으로 쫓아 아무날 문경으로 모이라.""
하고, 미복으로 행하여 수일 후에 한 곳에 이르니, 날이 장차 저물거늘 주점에 들어 쉬더니, 이윽고 어떠한 소년이 나귀를 타고 동자 수인을 거느리고 들어와 좌정 후에 성명과 거지를 통하고 담화하더니, 그 서생이 차탄 왈,
""보천지하가 막비왕토요, 솔토지민이 박비왕신이라. 이제 대적 홍길동이 팔도에 작란하여 민심을 요란케 하매 전하 진로하사 팔도에 행관하여 방곡에 지위하여 잡으라 하시되 종시 잡지 못하니 분완한 마음은 일국이 한가지라. 나같은 사람도 약간 용력이 있어 이 도적을 잡아 나라의 근심을 덜고자 하되 힘이 넉넉치 못하고 뒤를 도울 사람이 없으매 개탄이로이다."""
이업이그셔ᄉᆡᆼ의모양을보고말을드르ᄆᆡ진슬로의긔남자라심ᄂᆡ예경복ᄒᆞ야나ᄋᆞᄀᆞ손을ᄌᆞᆷ고왈장ᄒᆞᄃᆞ이말이여츙의을겸ᄒᆞᆫᄉᆞᄅᆞᆷ이로다ᄂᆡ비록용녈ᄒᆞᄂᆞ쥭긔로쎠그ᄃᆡ의뒤흘도을거시니날과ᄒᆞᆷ긔이도젹을ᄌᆞ부미엇더ᄒᆞ뇨ᄒᆞᆫᄃᆡ그소년이ᄯᅩᄒᆞᆫ위ᄉᆞᄒᆞ고왈그ᄃᆡ말ᄉᆞᆷ이그러ᄒᆞᆯ진ᄃᆡ이졔날과ᄒᆞᆷ긔ᄀᆞᄌᆡ조을시험ᄒᆞ고홍길동의거쳐ᄒᆞ는듸를탐지ᄒᆞ리라ᄒᆞ니이업이응낙ᄒᆞ고그소년을ᄯᆞ라ᄒᆞᆷ긔깁푼산즁으로ᄀᆞ더니그소년이몸을소ᄉᆞ층암졀벽우희올나안즈며왈그ᄃᆡ심을다ᄒᆞ여날을ᄎᆞ면그용녁을ᄀᆞ히알이라ᄒᆞ거날,"이업이 그 서생의 모양을 보고, 말을 들으매 진실로 의기남자라. 심내에 경복하여, 나아가 손을 잡고 왈,
""장하다, 이 말이여! 충의를 겸한 사람이로다! 내 비록 영렬하나 죽기로써 그대의 뒤를 도울 것이니 나와 함께 이 도적을 잡음이 어떠하뇨?""
한대, 그 소년이 또한 위사하고 왈,
""그대 말씀이 그러할진대 이제 나와 함께 가 재주를 시험하고 홍길동이 거처하는 데를 탐지하리라.""
하니, 이업이 응락하고 그 소년을 따라 함께 깊은 산중으로 가더니, 그 소년이 몸을 솟아 층암절벽 위에 올라 앉으며 왈,
""그대 힘을 다하여 나를 차면 그 용력을 가히 알리라."" 하거늘,"
이업이ᄉᆡᆼ젼의긔력을ᄃᆞᄒᆞ야그소년을ᄎᆞ니그소년이몸을도라안즈며왈장ᄉᆞ로ᄃᆞ이만ᄒᆞ면홍길동ᄌᆞᆸ긔을념예치아니ᄒᆞ리로다그도젹이지금이산즁의잇시니ᄂᆡ몬쳠드러ᄀᆞ탐지ᄒᆞ고올거시니그ᄃᆡ난이고듸잇셔ᄂᆡ의도라오긔를지ᄃᆞ리라ᄒᆞ거날이업이허락ᄒᆞ고그고듸안져긔ᄃᆞ리더니이윽ᄒᆞ야형용이긔괴ᄒᆞᆫ군ᄉᆞ슈십인이다황건을쓰고오며워여왈네포도ᄃᆡ장이업인ᄃᆞ우리지부ᄃᆡ왕의명을ᄇᆞᄃᆞ너을ᄌᆞ부러왓노라ᄒᆞ고일시의달녀드러쳘쇄로묵거가니이업이혼불부신ᄒᆞ야지ᄒᆞ인쥴인ᄀᆞᆫ인쥴모로고ᄀᆞ더니경각의ᄒᆞᆫ고듸이르니의희ᄒᆞᆫ와ᄀᆡ궁궐ᄀᆞᆺᄐᆞᆫ지라,"이업이 생전 기력을 다하여 그 소년을 차니, 그 소년이 몸을 돌아앉으며 왈,
""장사로다! 이만하면 홍길동 잡기를 염려치 아니하리로다! 그 도적이 지금 이 산중에 있으니 내 먼저 들어가 탐지하고 올 것이니 그대는 이곳에 있어 나의 돌아오기를 기다리라.""
하거늘, 이업이 허락하고 그 곳에 앉아 기다리더니, 이윽하여 형용이 기괴한 군사 수십인이 다 황건을 쓰고 오며 외쳐 왈,
""네 포도대장 이업이냐? 우리는 지부대왕의 명을 받아 너를 잡으러 왔노라.""
하고, 일시에 달려들어 철쇄로 묶어 가니, 이업이 혼불부신하여 지하인 줄, 인간인 줄 모르고 가더니, 경각에 한 곳에 이르니 의회한 와가가 궁궐같은지라."
이업을ᄌᆞᄇᆞ졍하의ᄭᅮ리니젼상으셔슈죄ᄒᆞᄂᆞᆫ소ᄅᆡ나며ᄭᅮ지져왈네감이활빈당장슈홍길동을슈히보고ᄌᆞᆸ긔로ᄌᆞ당ᄒᆞᆯ다홍장군이하날의명을ᄇᆞ다팔도의단이며탐관오리와비리로취ᄒᆞᄂᆞᆫ놈의ᄌᆡ물을아셔불상ᄒᆞᆫᄇᆡᆨ셩을구휼ᄒᆞ거날너희놈이ᄂᆞᄅᆞ을소긔고임군으게무고ᄒᆞ여오른ᄉᆞᄅᆞᆷ을ᄒᆡ코져ᄒᆞᄆᆡ지부의셔너ᄀᆞᆺᄐᆞᆫ간ᄉᆞᄒᆞᆫ뉴를ᄌᆞᄇᆞ다ᄀᆞ다른ᄉᆞᄅᆞᆷ을경계코져ᄒᆞ시니ᄒᆞᆫ치말나ᄒᆞ고황건역ᄉᆞ을명ᄒᆞ여왈이업을ᄌᆞᄇᆞ풍도의부쳐영블츌셰케ᄒᆞ라ᄒᆞ니이업이머리를ᄯᆞ희두다리며ᄉᆞ죄왈과연홍장군이각읍의다니며쟉난ᄒᆞ와민심을소동케ᄒᆞ시ᄆᆡ국왕이진로ᄒᆞ시긔로신ᄌᆞ의도리의안ᄌᆞᆺ지못ᄒᆞ와발포ᄎᆞ로봉명ᄒᆞ고나와ᄊᆞ오니인간의무죄ᄒᆞᆫ목슘을안셔ᄒᆞ옵소셔,"이업을 잡아 정하에 꿇리니 전상에서 수죄하는 소리나며 꾸짖어 왈,
""네 감히 활빈당 장수 홍길동을 수이 보고 잡기를 자당하느냐? 홍장군이 하늘의 명을 받아 팔도에 다니며 탐관오리와 비리로 취하는 놈의 재물을 앗아 불쌍한 백성을 구휼하거늘, 너회 놈이 나라를 속이고 임금에게 무고하여 옳은 사람들 해코자 하매, 지부에서 너같은 간사한 유를 잡아다가 다른 사람을 경계코자 하시니 한치 말라.""
하고, 황건역사를 명하여 왈,
""이업을 잡아 풍도에 붙여 영불출세케 하라.""
하니, 이업이 머리를 땅에 두드리며 사죄 왈,
""과연 홍장군이 각 읍에 다니며 작란하여 민심을 소동케 하시매 국왕이 진로하시기로 신자의 도리에 앉아있지 못하여 발포차로 봉명하고 나왔사오니 인간의 무죄한 목숨을 안서하옵소서."""
무슈히ᄋᆡ결ᄒᆞ니좌우졔인이며젼상으셔그거동을보고크게우희며군ᄉᆞ을명ᄒᆞ야이업을ᄒᆡ박ᄒᆞ여졍상의안치고슐을권ᄒᆞ며왈그ᄃᆡ머리을드러날을보라나ᄂᆞᆫ곳쥬졈의셔맛ᄂᆞ던ᄉᆞᄅᆞᆷ이요그ᄉᆞᄅᆞᆷ은곳홍길동이라그ᄃᆡᄀᆞᆺᄐᆞᆫ이ᄂᆞᆫ슈만명이라도나를ᄌᆞᆸ지못ᄒᆞᆯ지라그ᄃᆡ을유인ᄒᆞ여이리오긔난우리위염을뵈게ᄒᆞ미요일후의그ᄃᆡ와ᄀᆞᆺ치범남ᄒᆞᆫᄉᆞᄅᆞᆷ이잇거든그ᄃᆡ로ᄒᆞ여곰말이이게ᄒᆞ미로라ᄒᆞ고ᄯᅩ두어ᄉᆞᄅᆞᆷ을ᄌᆞᄇᆞ드려졍하의ᄭᅮᆯ이고슈죄왈너희을일병벼힐거시로ᄃᆡ이위이업살여도라보ᄂᆡ긔로너희도방송ᄒᆞᄂᆞ니도라ᄀᆞ일후의ᄂᆞᆫ다시홍장군잡긔을ᄉᆡᆼ의치말나ᄒᆞ니이업이그졔야인간인쥴아ᄂᆞ븟그러아모말도못ᄒᆞ고머리을슈긔ᄌᆞᆷᄌᆞᆷᄒᆞ더니이윽키안ᄌᆞ다ᄀᆞᄌᆞᆷᄀᆞᆫ조오더니문득ᄭᆡ다르니ᄉᆞ지을요동치못ᄒᆞ고눈의보이ᄂᆞᆫ거시업ᄂᆞᆫ지라,"무수히 애걸하니, 좌우 제인이며 전상에서 그 거동을 보고 크게 웃으며, 군사를 명하여 이업을 해박하여 전상에 앉히고 술을 권하며 왈,
""그대 머리를 들어 나를 보라. 나는 곧 주점에서 만났던 사람이요, 그 사람은 곧 홍길동이라. 그대같은 이는 수만 명이라도 나를 잡지 못할지라. 그대를 유인하여 이리 오기는 우리 위엄을 보이게 함이요, 일후에 그대와 같이 범람한 사람이 있거든 그대로 하여금 말리게 함이로다.""
하고, 또 두어 사람을 잡아들여 정하에 꿇리고 수죄 왈,
""너희들 일변 벨 것이로되 이미 이업 살려 돌려보내기로 너희도 방송하나니 돌아가 일후에는 다시 홍장군 잡기를 생의치 맡라.""
하니, 이업이 그제야 인간인 줄 아나 부끄러워 아무 말도 못하고 머리를 숙여 잠잠하더니, 이윽히 앉았다가 잠간 졸더니, 문득 깨달으니 사지를 요동치 못하고 눈에 보이는 것이 없는지라."
쥭도록버셔ᄂᆞ니ᄀᆞ쥭푸ᄃᆡ예드럿ᄂᆞᆫ지라그압푸ᄯᅩᄀᆞ쥭푸ᄃᆡ두리달여거날ᄭᅳᆯ너보니어졔밤의ᄒᆞᆷ긔쟙피여ᄀᆞᆺ던ᄉᆞᄅᆞᆷ이요문경으로보ᄂᆡᆫ군ᄉᆞ라이업이어이업셔우어왈나난엇더ᄒᆞᆫ소년의게속커여이리이리ᄒᆞ엿거니와너희난엇전년고냐므르니그군ᄉᆞ셔로우어왈소인등은아모쥬졈의셔ᄌᆞ옵더니엇지ᄒᆞ여이고듸이른쥴아지못ᄒᆞᄂᆡ이다ᄒᆞ고ᄉᆞ면을살펴보니쟝안북약일네라이업왈허망ᄒᆞᆫ일이로다ᄉᆞᆷᄀᆞ발구치말나ᄒᆞ더라,"죽도록 벗어나니 가죽 부대에 들어있는지라. 그 앞에 또 가죽 부대 둘이 달렸거늘, 끌러 보니 어젯밤에 함께 잡혀 갔던 사람이요, 문경으로 보낸 군사라. 이업이 어이없어 웃어 왈,
""나는 어떠한 소년에게 속아 이러이러 하였거니와 너희는 어떤 연고냐?""
물으니, 그 군사 서로 웃어 왈,
""소인 등은 아무 주점에서 자옵더니 어찌하여 이곳에 이른 줄 알지 못하나이다.""
하고, 사면을 살펴보니 장안 북악이더라. 이업 왈,
""허망한 밀이로다! 삼가 발구치 맡라.""
하더라."
이젹의길동의슈단이신츌귀몰ᄒᆞ야팔도의횡ᄒᆡᆼᄒᆞ되능히알ᄌᆡ업ᄂᆞᆫ지라슈령의간상을젹발ᄒᆞ여어ᄉᆞ로츌도ᄒᆞ야션참후게ᄒᆞ며각읍진공뇌믈을낫낫치탈취ᄒᆞ니장안ᄇᆡᆨ관이구ᄎᆞ막심ᄒᆞ더라혹초헌을타고장안ᄃᆡ로로왕ᄂᆡᄒᆞ며작난ᄒᆞ니상ᄒᆞ인민이셔로의혹ᄒᆞ야고이ᄒᆞᆫ일이만ᄒᆞ여일국이소동ᄒᆞᄂᆞᆫ지라상이크게근심ᄒᆞ시더니우승상이쥬왈신이듯ᄉᆞ오니도젹홍길동은젼승상홍모의셔ᄌᆞ라ᄒᆞ오니이졔홍모을ᄀᆞ두시고그형이조판셔길현으로경상감ᄉᆞ을보위ᄒᆞ옵셔날을졍ᄒᆞ여그셔졔길동을ᄌᆞᄇᆞ밧치라ᄒᆞ오면졔아모리불츙무도ᄒᆞᆫ놈이나그부형의낫츨보와스ᄉᆞ로잡필ᄀᆞᄒᆞᄂᆞ이다샹이이말을드르시고즉시홍문을금부의ᄀᆞ두라ᄒᆞ시고길현을ᄑᆡ초ᄒᆞ시니라,"이때에 길동의 수단이 신출귀몰하여 팔도에 횡행하되 능히 알 자가 없는지라. 수령의 간상을 적발하여 어사로 출도하여 선참후계하며, 각 읍 진공뇌물을 낱낱이 탈취하니 장안 백관이 구차막심하더라. 혹 초헌을 타고 장안 대로로 왕래하며 작란하니 상하 이민이 서로 의혹하여 괴이한 일이 많아 일국이 소동하는지라. 상이 크게 근심하시더니 우승상이 주왈,
""신이 듣자오니 도적 홍길동은 전 승상 홍모의 서자라 하오니, 이제 홍모를 가두시고, 그 형 이조판서 길현으로 경상감사를 보위하셔서 날을 정하여 그 서제 길동을 잡아 바치라 하오면, 제 아무리 불충무도한 놈이나 그 부형의 낯을 보아 스스로 잡힐까 하나이다.""
상이 이 말을 들으시고, 즉시 홍문을 금부에 가두라 하시고 길현을 패초하시니라."
이젹의홍승상이길동이ᄒᆞᆫ번ᄯᅥ난후로소식이업셔거쳐를모로며ᄂᆡ두의무슨일이잇슬ᄀᆞ염예ᄒᆞ시더니쳔만몽ᄆᆡ밧긔길동이나라도젹이되여이럿ᄐᆞᆺ작난ᄒᆞᄆᆡ놀나온마음이엇지ᄒᆞᆯ쥴모로고이ᄉᆞ연을미리나라의품ᄒᆞ긔도어렵고모로ᄂᆞᆫ쳬안ᄌᆞᆺ긔도어려워일염의멍이되여침셕의눕고이지못ᄒᆞᄂᆞᆫ지라쟝ᄌᆞ길현이이조ᄑᆞᆫ셔의잇더니부친의병셰위즁ᄒᆞ시ᄆᆡ말뮈를쳥ᄒᆞ여집의도라와ᄯᅴ을ᄭᅳ르지아니ᄒᆞ고병측의모셔조ᄎᆞᆷ의나ᄋᆞᄀᆞ지아니ᄒᆞᆫ지이무달이나문지라조졍ᄉᆞ긔을아지못ᄒᆞ더니믄득법관이나와조명을젼ᄒᆞ고승상을젼옥의나류오고판셔를ᄑᆡ초ᄒᆞ시난지라일가황황분쥬ᄒᆞ더라,"이때에 홍승상이 길동이 한 번 떠난 후로 소식이 억어 거처를 모르며 내두에 무슨 일이 있을까 염려하시더니, 천만몽매 밖에 길동이 나라 노럭지 되어 이렇듯 작란하매, 놀랜 마음에 어찌할 줄 모르고 이사연을 미리 나라에 폼하기도 어렵고 모르는 체 앉아있기도 어려워 일념에 병이 되어 침석에 놉고 일어나지 못하는지라. 장자 길현이 이조판서로 있더니 부친의 병세 위중하시매 말미를 청하여 집에 돌아와 띠를 끄르지 아니하고 병측에 모셔 조참에 나아가지 아니한지 이미 달이 넘은지라. 조정 사기를 알지 못하더니, 믄득 법관이 나와 조명을 전하고 승상을 전옥에 내리우고 판서를 패초하시는지라 일가 황황분주하더라."
판셔궐하의나ᄋᆞᄀᆞᄃᆡ죄ᄒᆞ니상이ᄀᆞᄅᆞᄉᆞᄃᆡ경의셔졔길동이나ᄅᆞ의도젹이되여범남ᄒᆞ미이ᄀᆞᆺᄐᆞ니그죄을의논ᄒᆞ면맛당이연좌ᄒᆞᆯ거시로되고위안셔ᄒᆞ나니이졔로경상도의나려ᄀᆞ길동을ᄌᆞ바홍씨일문지환을면케ᄒᆞ라ᄒᆞ시니길현이복지쥬왈쳔ᄒᆞᆫ동ᄉᆡᆼ이일즉ᄉᆞᄅᆞᆷ을쥭이고도망ᄒᆞ여나ᄀᆞᆺᄉᆞ오ᄆᆡ종젹을모로옵더니이러ᄐᆞᆺ즁죄을지으니신의죄맛당히벼혐즉ᄒᆞ오며신의아비나히팔십의쳔ᄒᆞᆫᄌᆞ식이나라의도젹이되엿ᄉᆞ오ᄆᆡ일노병이되여ᄉᆞ경의잇ᄉᆞ오니복월젼하ᄂᆞᆫ하ᄒᆡᄀᆞᆺᄐᆞᆫ은덕을ᄂᆡ리오ᄉᆞ신의아비로ᄒᆞ여곰집의도라ᄀᆞ조병ᄒᆞ게ᄒᆞ시면신이나려ᄀᆞ와셔졔길동을ᄌᆞᄇᆞ젼하의밧치리다ᄒᆞ니상이그효셩을감동ᄒᆞᄉᆞ홍모난집의로보ᄂᆡ여치병ᄒᆞ라ᄒᆞ시고길현으로경삼감ᄉᆞ을보위ᄒᆞᄉᆞ날을졍ᄒᆞ여쥬시니판셔황은을ᄇᆡᆨᄇᆡ치ᄉᆞᄒᆞ고경상도의나려와각읍의ᄒᆡᆼ관ᄒᆞ야방방곡곡히방셔을븟쳐길동을ᄎᆞ즈니,"판서 궐하에 나가 대죄하니, 상이 가라사대,
""경의 서제 길동이 나라의 도적이 되어 범람함이 이 같으니 그 죄를 의논하면 마땅히 연좌할 것이로되 고위안서하나니 이제로 경상도에 내려가 길동을 잡아 홍시 일문지화을 면케하라.""
하시니, 길현이 복지 주왈,
""천한 동생이 일찍 사람을 죽이고 도망하여 나갔사오매 종적을 모르옵더니 이렇듯 중죄를 지으니 신의 죄 마땅히 베임즉하오며, 신의 아비 나이 팔십에 천한 자식이 도적이 되었사오매 이로 병이 되어 사경에 있사오니, 복원 전하는 하해같은 은덕을 내리사 신의 아비로 하여금 집에 돌아가 조병하게 하시면 신이 내려가서 서제 길동을 잡아 전하에게 바치리다.""
하니, 상이 그 효성을 감동하, 홍모는 집으로 보내어 치병하라 하시고, 길현으로 경상감사를 보위하사 날을 정하여 주시니, 판서 황은 을 백배치사하고 경상도에 내려와 각 읍에 행관하여 방방곡곡에 방서를 붙여 길동을 찾으니,"
그방셔의ᄒᆞ여시되대범ᄉᆞᄅᆞᆷ이복ᄌᆡ지한의나ᄆᆡ오륜이이스니오륜즁의군뷔읏믐이라ᄉᆞᄅᆞᆷ되고오륜을바리면ᄉᆞᄅᆞᆷ이아니라ᄒᆞᄂᆞ니이졔너ᄂᆞᆫ지혜와식견이범ᄉᆞᄅᆞᆷ두곤더ᄒᆞ되이ᄅᆞᆯ모로니엇지ᄋᆡ답지아니ᄒᆞ리요우리셰ᄃᆡ로국은을입어ᄌᆞᄌᆞ손손히녹을바드니망극ᄒᆞᆫ마음이갈츙보국ᄒᆞ더니우리의게밋쳐ᄂᆞᆫ널노말무야마역명을장ᄎᆞ어ᄂᆡ곳듸밋츨쥴모로게되니엇지ᄒᆞᆫ심타ᄲᅮᆫ이며난신과젹ᄌᆞ어ᄂᆡᄃᆡ의업스리요마난우리문호의셔날쥴은진실노ᄯᅳᆺᄒᆞ지못ᄒᆞ엿도다네의죄목을젼하진로ᄒᆞ시니맛당이극형을ᄒᆡᆼᄒᆞ실거시로듸ᄀᆞ지록성은이망극ᄒᆞᄉᆞ죄를더ᄒᆞ지아니ᄒᆞ시고날을명ᄒᆞᄉᆞ너을ᄌᆞ부라ᄒᆞ옵시니망극ᄒᆞᆫ마음도로혀황공ᄒᆞ며팔십노친이ᄇᆡᆨ슈모년의널노ᄒᆞ야곰쥬야우려ᄒᆞ시던즁의네이럿탓변괴을지어죄을나ᄅᆞ의어드니놀ᄂᆡ신마음이병이되여이졔눕고장ᄎᆞ이지못ᄒᆞ게되시니부친만일널노인ᄒᆞ야셰상을ᄇᆞ리시면네ᄉᆞᄅᆞ셔도녁명을입고쥭어지ᄒᆞ의간들쳔츄만ᄃᆡ예블츙블효지죄ᄅᆞᆯ유전ᄒᆞᆯ지라ᄯᅩᄒᆞᆫ그나문우리일문이원통치아니ᄒᆞᆯ야네엇지넉넉ᄒᆞᆫ소견으로이ᄅᆞᆯᄉᆡᆼ각지못ᄒᆞᄂᆞ냐네이죄명을ᄀᆞ지고셰상의용납할진ᄃᆡᄉᆞᄅᆞᆷ읜비록안셔ᄒᆞᄂᆞ소소ᄒᆞᆫ쳔벌이ᄉᆞ졍이잇스랴이졔맛당히쳔명을슌슈ᄒᆞ야조졍쳐분을지달일ᄲᅮᆫ이니ᄯᅩ엇지ᄒᆞ리요네일즉도라오긔을ᄇᆞᄅᆡ노라ᄒᆞ엿더라,"그 방서에 하였으되,
""대법 사람이 복재지간에 나매 오륜 있으니 오륜중에 군부가 으뜸이라. 사람되고 오륜을 버리면 사람이 아니라 하나니, 이제 너는 지혜와 식견이 범 사람보다 더하되 이를 모르니 어찌 애닯지 아니하리요? 우리 세대로 국은을 입어 자자손손이 녹을 받으니 망극한 마음이 갈충보국하더니, 우리에게 미쳐서는 너로 말미암아 역명을 장차 어느 곳에 미칠 줄 모르게 되니 어찌 한심하다 뿐이며, 난신과 적자 어느 대에 없으리요마는 우리 문호에서 날 줄은 진실로 뜻하지 못하였도다. 너의 죄목을 전하 진로하시니 마땅히 극형을 행하실 것 이로되, 갈수록 성은이 망극하사 죄를 더하지 아니하시고 나를 명하사 너를 잡으라 하옵시너 망극한 마음 도리어 황공하며, 팔십 노친이 백수모년에 너로 하여금 주야 우려하시던 중에 네 이렇듯 변괴를 지어 죄를 나라에 얻으니 놀라신 마음에 병이 되어 이제 눕고 장차 일어나지 못하게 되시니, 부친 만일 너로 인하여 세상을 버리시면 네 살아서도 역명을 입고, 죽어 지하에 간들 천추만대에 볼충볼효지죄를 유전할지라. 또한 그 남은 우리 일문이 원통치 아니하랴? 네 어찌 넉넉한 소견으로 이를 생각지 못하느냐? 네 이 죄명을 가지고 세상에 용납할진대 사람은 비록 안서하나 소소한 천벌이 사정이 있으랴? 이제 마땅히 천명을 순수하여 조정의 처분을 기다릴 뿐이니 또 어찌하리요? 네 일찍 돌아오기를 바라노라.""
하였더라."
감ᄉᆞ도임후의공ᄉᆞ을폐ᄒᆞ고젼ᄒᆞ의근심과부친의병셰을염예ᄒᆞ여슈심으로날을보ᄂᆡ며항여길동이올ᄀᆞᄇᆞᄅᆞ더니일일은ᄒᆞ인이아뢰되엇더ᄒᆞᆫ소년이밧긔와통ᄌᆡᄒᆞᆫ다ᄒᆞ거ᄂᆞᆯ즉시마ᄌᆞ드리니그ᄉᆞᄅᆞᆷ이셤우의업더어죄을쳥ᄒᆞᄂᆞᆫ지라감ᄉᆞ고히녀겨그연고을므르니ᄃᆡ왈형장은엇지소졔길동을모르시ᄂᆞᆫ잇ᄀᆞᄒᆞ거날,"감사 도임 후에 공사를 폐하고, 전하의 근심과 부친의 병세를 염려하여 수심으로 날을 보내며 행여 길동이 올까 바라더니, 일일은 하인이 아뢰되,
""어떠한 소년이 밖에 와 통지한다.""
하거늘, 즉시 맞아 들이니, 그 사람이 섬 위에 엎드려 죄를 청하는지라. 감사 괴히 여겨 그 연고를 물으니 대왈,
""형장은 어찌 소제 길동을 모르시나이까?""
하거늘, "
감ᄉᆞ경희즁의나셔길동의손을ᄌᆞᆸ고익글고방의드러와좌우을치우고한슘지며왈이무상ᄒᆞᆫ아ᄋᆡ라네어려셔집을ᄯᅥᄂᆞᆫ후의이ᄌᆡ야맛ᄂᆞ니반ᄀᆞ온마음이도로혀슬푸도다네져러ᄒᆞᆫ풍도와ᄌᆡ조로엇지이럿ᄐᆞᆺ블측ᄒᆞᆫ일을즐겨ᄒᆞ여부형의은ᄋᆡ을ᄭᅳᆫ케ᄒᆞᄂᆞᆫ야향곡의우미ᄒᆞᆫᄇᆡᆨ셩들도임군의게츙셩ᄒᆞ고아비으게효도ᄒᆞᆯ쥴ᄋᆞᄂᆞᆫ지라너난셩졍이총명ᄒᆞ고ᄌᆡ조놉파범인과크게다르니맛당히더옥츙효을슝상ᄒᆞᆯᄉᆞᄅᆞᆷ으로셔몸을그른ᄃᆡ바려츙효의당ᄒᆞ여난범인두곤못ᄒᆞ니엇지ᄒᆞᆫ심치아니ᄒᆞ리요그부형되ᄂᆞᆫᄌᆡ그갓튼고명ᄒᆞᆫᄌᆞ졔을두다ᄒᆞ여심독희ᄌᆞ부터니도로혀부형의게근심을깃치ᄂᆞ냐네이졔츙의을취ᄒᆞ야ᄉᆞ지의도라ᄀᆞ도그부형은아쳐ᄆᆞᄋᆞᆷ이잇슬지라ᄒᆞ믈며역명을무릅쓰고쥭게되니그부형의마ᄋᆞᆷ이야다시엇덧ᄐᆞᄒᆞ랴국법이ᄉᆞ졍이업스니아모리구원코ᄌᆞᄒᆞ여도엇지못ᄒᆞ고위ᄒᆞ여셜워ᄒᆞᆫ들무슨효험이잇스랴너난부형의낫츨보와쥭긔을감심ᄒᆞ고왓시나나난두렵고비쳑ᄒᆞᆫ마음이너아니본ᄯᆡ으셔더ᄒᆞᆫ지라너난네지은죄니하날과ᄉᆞᄅᆞᆷ을원망치못ᄒᆞ여도부친과나ᄂᆞᆫ목젼의너을쥬긔ᄂᆞᆫ줄노명도을탓ᄒᆞᆯᄲᅮᆫ이라네엇지이ᄅᆞᆯᄭᆡ닷지못ᄒᆞ고이럿ᄐᆞᆺ범남ᄒᆞᆫ죄을지엿ᄂᆞ냐쳔츄을역슈ᄒᆞ여도ᄉᆡᆼ니ᄉᆞ별이오날밤의빗치못ᄒᆞ리로다ᄒᆞ니,"감사 경희중에 나가서 길동의 손을 잡고 이끌고 방에 들어와 좌우를 치우고 한숨지으며 왈,
""이 무상한 아이야. 네 어려서 집을 떠난 후에 이제야 만나니 반가운 마음이 도리어 슬프도다! 네 저러한 풍도와 재주로 어찌 이렇듯 불측한 일을 즐겨하여 부형의 은애를 끊케 하느냐? 향곡의 우미한 백성들도 임금에게 충성하고, 아비에게 효도할 줄 아는지라. 너는 성정이 총명하고 재주 높아 범인과 크게 다르니 마땅히 더욱 충효를 숭상할 사람으로서 몸을 그른 데 버려 충효를 당하여는 범인보다 못하니 어찌 한심치 아니하리요? 그 부형되는 자가 그같은 고명한 자제를 두었다 하여 심독회자부하더니 도리어 부형에게 근심을 끼치느냐? 네 이제 충의를 취하여 사지에 돌아가도 그 부형은 싫어하는 마음이 있을지라. 하물며 역명을 무릅쓰고 죽게 되니 그 부형의 마음이야 다시 어떠하다 하랴! 국법이 사정이 없으니 아무리 구원코자 하여도 어찌 못하고 위하여 서러워한들 무슨 효험이 있으랴? 너는 부형의 낯을 보아 죽기를 감심하고 왔으나 나는 두렵고 비척한 마음이 너 아니 본 때보다 더한지라! 너는 네 지은 죄니 하늘과 사람을 원망치 못하여도, 부친과 나는 목전의 너를 죽이는 줄로 명도를 탓할 뿐이라. 네 어찌 이를 깨닫지 못하고 이렇들 범람한 죄를 지었느냐? 천추를 역수하여도 생리사별이 오늘밤에 비치 못하리로다!""
하니,"
길동이쳬읍쥬왈이블초ᄒᆞᆫ동ᄉᆡᆼ길동이본ᄅᆡ부형의휸계을듯지말고져ᄒᆞ미아니오라팔ᄌᆞ긔박ᄒᆞ여쳥ᄉᆡᆼ되믈평ᄉᆡᆼᄒᆞᆫ일ᄲᅮᆫ더러ᄀᆞ즁의시긔ᄒᆞᄂᆞᆫᄉᆞᄅᆞᆷ을피ᄒᆞ여졍쳐업시다니다ᄀᆞ쳔만몽ᄆᆡ밧긔몸미젹당의ᄲᆞ져잠시ᄉᆡᆼᄒᆡ을붓쳣ᄉᆞᆸ더니죄명이이예밋쳐ᄊᆞ오니명일의소졔ᄌᆞ분연유을장계ᄒᆞ옵고소졔을졀박ᄒᆞ여나라의밧츠옵소셔ᄒᆞ며담화로날을ᄉᆡ우고평ᄉᆡᆼ의감ᄉᆞ길동을쳘ᄉᆡ로결박ᄒᆞ여보ᄂᆡᆯᄉᆡ참연이낫빗츨고치고ᄒᆡ옴업시눈믈을ᄂᆡ리우더라,"길동이 체읍 주왈,
""이 불초한 동생 길동이 본래 부형의 훈계를 듣지 말고자 함이 아니오라, 팔자 기박하여 천생됨을 평생 한일 뿐더러 가중에 시가하는 사람을 피하여 정처없이 다니다가 천망몽매 밖에 몸이 적당에 빠져 잠시 생애를 붙였더니 죄명이 이에 미치었사오니 명일에 소제 잡은 여유를 장계하옵고, 소제를 결박하여 나라에 바치옵소서.""
하며, 담화로 날을 새우고 평명에 감사 길동을 철쇄로 결박하여 보낼새 참연히 낯빛을 고치고 하염없이 눈물을 흘리더라."
이젹의팔도의셔다각긔길동을ᄌᆞ밧노라장문ᄒᆞ고나라의올이니ᄉᆞᄅᆞᆷ마닥으혹ᄒᆞ고도뢰분쥬ᄒᆞ여귀경ᄒᆞᄂᆞᆫᄉᆞᄅᆞᆷ이질이메여그슈ᄅᆞᆯ아지못ᄒᆞᆯ네라젼ᄒᆞ친임ᄒᆞᄉᆞ여답길동을국문ᄒᆞ실ᄉᆡ여답길동이셔로닷토와ᄀᆞ로ᄃᆡ네ᄀᆞ무슨길동인다ᄂᆡᄀᆞᄎᆞᆷ길동이로다ᄒᆞ고셔로팔을ᄲᅩᆷᄂᆡ며ᄒᆞᆫᄐᆡ여우러져궁그니도로혀일장ᄀᆞ관이러라,"이때에 팔도에서 다 각기 길동을 잡았노라 장문하고 나라에 올리니 사람마다 의혹하고 도로 분주하여 구경하는 사람이 길이 메여 그 수를 알지 못하더라. 전하 친림하사 여덟 길동을 국문하실새, 여덟 길동이 서로 다투어 가로되,
""네가 무슨 길동이냐? 내가 참 길동이로다.""
하고, 서로 팔을 뽐내며 한데 어우러져 뒹구니 도리어 일장 가관이더라."
만조졔신이며좌우나장이그진위을아지못ᄒᆞᄂᆞᆫ지라졔신이쥬왈지ᄌᆞ난막여부오니이졔홍모을ᄑᆡ초ᄒᆞᄉᆞ그셔ᄌᆞ길동을아라드리라ᄒᆞ옵소셔상이오리녀긔ᄉᆞ즉시홍모을부르시니승상이조명을이어복지ᄒᆞ니상이ᄀᆞᄅᆞᄉᆞᄃᆡ경이일즉ᄒᆞᆫ길동을두웟다ᄒᆞ더니이졔야답이되엿시니엇지ᄒᆞᆫ연괸지경이ᄌᆞ시이갈히여형소ᄅᆞᆯ착난케말나ᄒᆞ시니승상이쳬읍쥬왈신이ᄒᆡᆼ실을직키지못ᄒᆞ와쳔쳡을ᄀᆞᆺ가히ᄒᆞᆫ죄로쳔ᄒᆞᆫᄌᆞ식을두어젼하의근심이되옵고조졍이분운ᄒᆞ오니신의죄만번쥭어도맛당ᄒᆞ오이다ᄒᆞ며ᄇᆡᆨ슈의눈믈이이음ᄎᆞ길동을ᄭᅮ지져왈네아모리블츙블효ᄒᆞᆫ놈이라도우희로셩상이친임ᄒᆞ시고버금아ᄅᆡ로아비잇거날지쳑쳔위ᄒᆞ의군부ᄅᆞᆯ긔롱ᄒᆞ니블측ᄒᆞᆫ죄더옥큰지라ᄲᆞᆯ니형벌의나ᄋᆞᄀᆞ쳔명을순슈ᄒᆞ라만일그러치아니ᄒᆞ면네목젼의ᄂᆡ몬쳠쥭어셩상의진로ᄒᆞ시ᄂᆞᆫ마음을만분지일이라도덜이라ᄒᆞ며쥬왈신의쳔ᄌᆞ길동은왼편다리의불근졈일곱이잇ᄉᆞ오니이ᄅᆞᆯ증험ᄒᆞ와젹발ᄒᆞ옵소셔ᄒᆞ니여답길동이일시의다리을것고일곱졈을셔로ᄌᆞ랑ᄒᆞᄂᆞᆫ지라,"만조 제신이며 좌우 나장이 그 진위를 알지 못하는지라. 제신이 주왈,
""지자는 막여부오니 이제 홍모를 패초하사 그 서자 길동을 알아들이라 하옵소서.""
상이 옳게 여기사 즉시 홍모를 부르시니 승상이 조명을 이어 복지하니, 상이 가라사대,
""경이 일찌기 한 길동을 두었다 하더니 이제 여덟이 되었으니 어떠한 여고인지 경이 자세히 가리어 형소를 착란케 말라.""
하시니, 승상이 체읍 주왈,
""신이 행실을 지키지 못하여 천첩을 가까이 한 죄로 천한 자식을 두어 전하의 근심이 되옵고 조정이 분운하오니, 신의 죄 만 번 죽어도 마땅하오이다.""
하며, 백수에 눈물이 이음차 길동을 꾸짖어 왈,
""네 아무리 불충불효한 놈이라도 위로 성상이 친림하시고, 버금 아래로 아비 있거늘, 지척 천위하에 군부를 기롱하니 불측한 죄 더욱 큰지라. 빨리 형벌에 나아가 천명을 순수하라. 만일 그렇지 아니하면, 네 목전에 내 먼저 죽어 성상의 진로하시는 마음을 만분지일이라도 덜으리라.""
하며 주왈,
""신의 천자 길동은 왼 편 다리에 붉은 점 일곱이 있사오니 이를 증험하여 적발하옵소서.""
하니, 여덟 길동이 일시에 다리를 걷고 일곱 점을 서로 자랑하는지라."
승상이그진위을갈히지못ᄒᆞ고우구ᄒᆞᆫ마음을이긔지못ᄒᆞ야인ᄒᆞ여긔졀ᄒᆞ거날상이놀ᄂᆡ시ᄉᆞ급피좌우을명ᄒᆞ여구완ᄒᆞ시되회ᄉᆡᆼᄒᆞᆯ긔리업더니여듧길동이각긔낭즁으로셔ᄃᆡ초ᄀᆞᆺᄐᆞᆫ환약두ᄀᆡ식ᄂᆡ여셔로닷토와승상의입의너흐니이시후의회ᄉᆡᆼᄒᆞᄂᆞᆫ지라여듭길동이울며아뢰되신의팔ᄌᆞ무상ᄒᆞ와홍모의쳔비의ᄇᆡᄅᆞᆯ비러낫ᄉᆞ오ᄆᆡ아비와형을임으로부르지못ᄒᆞ옵고겸ᄒᆞ여ᄀᆞ즁의시긔ᄒᆞᄂᆞᆫᄌᆡ잇ᄉᆞ와보젼치못ᄒᆞ오ᄆᆡ몸을산임의븟쳐초목과ᄒᆞᆷ긔늑ᄌᆞᄒᆞ엿더니ᄒᆞ날이믜이녀긔ᄉᆞ젹당의ᄲᆞ져ᄊᆞ오나일즉ᄇᆡᆨ셩의ᄌᆡ믈은츄호도취ᄒᆞᆫᄇᆡ업ᄊᆞ고슈령의뇌믈과블의ᄒᆞᆫ놈의ᄌᆡ믈을아셔먹ᄊᆞ고혹간의나라곡식을도젹ᄒᆞ여ᄊᆞ오나군뷔일쳬오니ᄌᆞ식이아비것먹긔로도젹이라ᄒᆞ오릿ᄀᆞ어린ᄌᆞ식이어미졋먹ᄂᆞᆫ일쳬로소이다이ᄂᆞᆫ도시조졍소인이쳔총을ᄀᆞ리와무소ᄒᆞᆫ죄요신의죄ᄂᆞᆫ아이로소이다,"승상이. 그 진위를 가리지 못하고 우구한 마음을 이기지 못하여 인하여 기절하거늘, 상이 놀래시사 급히 좌우를 명하여 구원하시되 회생할 길이 없더니, 여덟 길동이 자기 낭중에서 대추같은 환약 두 개씩 내어 서로 다투어 승상의 입에 넣으니 이시한 후에 회생하는지라. 여덟 길동이 울며 아뢰되,
""신의 팔자 무상하여 홍모의 천비의 배를 빌어 낳사오매, 아비와 형을 임의로 부르지 못하옵고, 겸하여 가중에 시기하는 자가 있사와 보전치 못하오매, 몸을 산림에 붙여 초목과 함께 늙자 하였더니, 하늘이 밉게 여기사 적당에 빠졌사오나, 일찌기 백성의 재물은 추호도 취한 바 없고 수령의 뇌물과 불의한 놈의 재물을 앗아 먹고, 혹간에 나라 곡식을 도적하였사오나 군부가 일체오니 자식이 아비것 먹기로 도적이라 하오리까? 어린 자식이 어미 젖 먹는 일체로소이다. 이는 도무지 조정 소인이 천총을 가리워 무소한 죄요, 신의 죄는 아니로소이다."""
상이진로ᄒᆞᄉᆞᄭᅮ지져ᄀᆞ로ᄉᆞᄃᆡ네무고ᄒᆞᆫᄌᆡ믈은취치아니타ᄒᆞ면합쳔ᄉᆞ즁을소긔고그ᄌᆡ믈을도젹ᄒᆞ고ᄯᅩ능소의블을노코군긔을도젹ᄒᆞ니이만큰죄ᄯᅩ어ᄃᆡ잇ᄂᆞᆫ야길동등이복쥬왈블도라ᄒᆞ옵난거시셰상을소긔고ᄇᆡᆨ셩을혹게ᄒᆞ여갈지아니ᄒᆞ고ᄇᆡᆨ셩의곡식을취ᄒᆞ며ᄶᆞ지아니ᄒᆞ고ᄇᆡᆨ셩의의복을소겨부모의발부ᄅᆞᆯ상ᄒᆞ야오랑ᄏᆡ모양을승상ᄒᆞ며군부을ᄇᆞ리고부셰ᄅᆞᆯ도망ᄒᆞ오니이예더ᄒᆞᆫ블의지ᄉᆞ업ᄉᆞ오며군긔을ᄀᆞ져ᄀᆞ옵긔ᄂᆞᆫ신등이산즁의쳐ᄒᆞ야병법을익키다ᄀᆞ만일난셰을당ᄒᆞ옵거든시셕을두릅쎠임군을도와ᄐᆡ평을일위고져ᄒᆞ미오며블을노흐되능노의난아니ᄀᆞ게ᄒᆞ엿ᄉᆞ오며신의아비셰ᄃᆡ로국녹을밧ᄌᆞ와갈츙보국ᄒᆞ와셩은을만분지일이라도갑지못ᄒᆞᆯᄀᆞᄒᆞ옵거날신이엇지외람이범람ᄒᆞᆫ마ᄋᆞᆷ을두오릿ᄀᆞ죄을의논ᄒᆞ와도쥭긔의ᄀᆞ지아니ᄒᆞᆯ터이로ᄃᆡ젼ᄒᆡ조신의무소을둣ᄉᆞᆸ고이럿타시진로ᄒᆞ시니신이형벌을지다리지아니ᄒᆞ옵고몬쳠스ᄉᆞ로쥭ᄉᆞ오니노를더옵소셔ᄒᆞ고여듧길동이ᄒᆞᆫᄐᆡ어우러져쥭ᄂᆞᆫ지라좌우괴히녀겨ᄌᆞ셰히보니ᄎᆞᆷ길동은ᄀᆞᆫᄃᆡ업고초인일곱ᄲᅮᆫ이러라,"상이 진로하사 꾸짖어 가라사대,
""네 무고한 재물은 취치 아니했다 하면, 합천사 중을 속이고 그 재물을 도적하고, 또 능소에 불을 놓고 군기를 도적하니, 이만 큰 죄 또 어디 있느냐?""
길동 등이 복주 왈,
""불도라 하옵는 것이 세상을 속이고 백성을 혹하게 하여, 갈지 아니하고 백성의 곡식을 취하며, 짜지 아니하고 백성의 의복을 속여 부모의 발부를 상하여 오랑캐 모양을 숭상하며, 군부를 버리고 부세를 도망하오니 이에 더한 불의지사 없사오며, 군기를 가져가옵기는 신 등이 산중에 처하여 병법을 익히다가 만일 난세를 당하옵거든 시석을 무릅써 임금을 도와 태평을 이루고자 함이오며, 불을 놓으되 능소에는 아니가게하였사오며, 신의 아비 세대로 국록을 받자와 갈충보국하여 성은을 만분지일이라도 갚지 못할까 하옵거늘 신이 어찌 외람되이 범람한 마음을 두오리까? 죄를 의논하여도 죽기에 가지 아니할 터이로되, 전하께서 조신의 무소를 들으시고 이렇듯이 진로하시니 신이 형벌을 기다기지 아니하옵고 먼저 스스로 죽사오니 노를 더옵소서.""
하고, 여덟 길동이 한데 어우러져 죽는지라. 좌우 괴히 여겨 자세히 보니 참 길동은 간데없고 초인 일곱 뿐이더라."
상이길동의긔망ᄒᆞᆫ죄을더옥키노ᄒᆞᄉᆞ경상감ᄉᆞ의게조셔을나류와길동잡긔을더옥ᄌᆡ촉ᄒᆞ시니라이젹의경상감ᄉᆞ길동을ᄌᆞᄇᆞ올이고심회둘고지업셔공ᄉᆞᄅᆞᆯ젼폐ᄒᆞ고경ᄉᆞ소식을긔다리더니믁득교지을ᄂᆡ렷거날북궐을향ᄒᆞ야ᄉᆞᄇᆡ후의ᄐᆡᆨ견ᄒᆞ니교지의ᄀᆞᄅᆞᄉᆞᄃᆡ길동을잡지아니ᄒᆞ고초인을보ᄂᆡ어형부를착난케ᄒᆞ니허망긔군지죄을면치못ᄒᆞᆯ지라아즉죄을의논치아니ᄒᆞᄂᆞ니십일ᄂᆡ로길동을ᄌᆞ부라ᄒᆞ시고ᄉᆞ의엄졀ᄒᆞᆫ지라감ᄉᆞ황공무지ᄒᆞ여ᄉᆞ방의지위ᄒᆞ고길동을ᄎᆞᆺ더니일일은월야를당ᄒᆞ여난간의비겻더니션화당들보우희로셔ᄒᆞᆫ소녀이ᄂᆡ려와복지ᄌᆡᄇᆡᄒᆞ거날ᄌᆞ셰히보니이곳길동이라,"상이 길동의 기망한 죄를 더욱 노하사, 경상감사에게 조서를 내리어 길동 잡기를 더욱 재촉하시는지라.
이때에 경상감사 길동을 잡아 올리고 심회 둘 곳이 없어 공사를 전폐하고 경사 소식을 기다리더니, 문득 교지를 내렸거늘, 북귈읔 향하여 사배 후에 택견하니, 교지에 가라사대,
""길동을 잡지 아니하고 초인을 보내어 형부를 착란케 하니 허망기군지죄를 면치 못할지라. 아직 죄를 의논치 아니하나니 십일 내로 길동을 잡으라.""
하시고 사의 엄절한지라. 감사 황공무지하여 사방에 지위하고 길동을 찾더니, 일일은 월야를 당하여 난간에 비겼더니, 선화당 들보 위에서 한 소년이 내려와 복지재배하거늘, 자세히 보너 이 곧 길동이라."
감ᄉᆞᄭᅮ지져왈네갈슈록죄을키워긋ᄐᆡ여화을일문의ᄭᅴ치고져ᄒᆞᄂᆞ냐즉금나라으셔엄명이막즁ᄒᆞ시니너ᄂᆞᆫ날을원치말고일즉쳔명을순슈ᄒᆞ라길동이부복ᄃᆡ왈형장은염예치마르시고명일소졔ᄅᆞᆯᄌᆞᄇᆞ보ᄂᆡ시되장교즁의부모와져ᄌᆞ업난ᄌᆡ을갈희여소졔을압영ᄒᆞ시면조흔뫼ᄎᆡᆨ이잇ᄂᆞᆫ이ᄃᆞ감ᄉᆞ그연고을알고져ᄒᆞᆫᄃᆡ길동이ᄃᆡ답지아니ᄒᆞ니감ᄉᆞ그소견을아지못ᄒᆞᄂᆞ장ᄎᆞ을졔말과ᄀᆞᆺ치별ᄐᆡᆨᄒᆞ고길동을영솔ᄒᆞ야경ᄉᆞ로올녀보ᄂᆡ니라조졍의셔길동이ᄌᆞ피여온단말을듯고도감표슈슈ᄇᆡᆨ을남ᄃᆡ문의ᄆᆡ복ᄒᆞ여왈길동이문안의들거든일시의총을노화ᄌᆞ부라분부ᄒᆞ니라,"감사 꾸짖어 왈,
""네 갈수록 죄를 키워 구태여 화를 일문에 끼치고자 하느냐? 즉금 나라에서 엄명이 막중하시니 너는 나를 원치 말고 일찍 천명을 순수하라.""
길동이 부복 대왈,
""형장은 염려치 마시고 명일 소제를 잡아 보내시되, 장교 중에 부모와 처자 없는 자를 가리어 소제를 압영하시면 좋은 모책이 있나이다.""
감사 그 연고를 알고자 한대 길동이 대답치 아니하니, 감사 그 소견을 알지 못하나 장차를 제 말과 같이 별택하고 길동을 영솔하여 경사로 올려 보내니라. 조정에서 길동이 잡히어 온다는 말을 듣고 도감포수 수백을 남대문에 매복하여 왈,
""길동이 문 안에 들거든 일시에 총을 놓아 잡으라.""
분부하니라."
이젹의길동이풍우ᄀᆞᆺ치ᄌᆞ피여오더니엇지이긔미을모로이요동작이ᄅᆞᆯ건네며비우ᄍᆞ셰흘쎠공즁의날이고오더니길동이남ᄃᆡ문안의드니좌우의표슈일시의총을노흐되총귀의믈이ᄀᆞ득ᄒᆞ야ᄒᆞ릴업시셜계치못ᄒᆞ니라길동이궐문밧긔다달라영거ᄒᆞᆫ장ᄎᆞ을도라보와왈너희날을영거ᄒᆞ야이곳가지왓시니그죄쥭긔난아니ᄒᆞ리라ᄒᆞ고몸을날여슈ᄅᆡ알ᄋᆡ날여완완이거러ᄀᆞ난지라오군문긔병이말을달여길동을ᄊᆞ려ᄒᆞ되길동은ᄒᆞᆫ양으로ᄀᆞ고말은아모리ᄎᆡ쳐몬들츅지ᄒᆞᄂᆞᆫ법을엇지ᄒᆞ리요만셩인민이그신긔ᄒᆞᆫ슈단을층냥아니ᄒᆞ리업더라,"이때에 길동이 풍우같이 잡히어 오더니 어찌 이 기미를 모르리요. 동작리를 건너며 '비우자' 셋을 써 공중에 날리고 오더니, 길동이 남대문 안에 드니 좌우의 포수 일시에 총을 놓으되 총구에 물이 가득하여 할 수 없이 설계치 못하니라. 길동이 궐문 밖에 다달아 영거한 장차를 돌아보하 왈,
""너회 나를 영거하여 이곳까지 왔으니 그 죄 죽기는 아니하리라.""
하고, 몸을 날려 수레 아래 내려 완완히 걸어 가는지라. 오군문 기병이 말을 달려 길동을 쏘려 하되, 길동은 한양으로 가고 말은 아무리 채쳐 몬들 축지하는 법을 어찌 하리요. 만성 인민이 그 신기한 수단을 측량할 이 없더라."
이날ᄉᆞ문의글을쎠븟쳐쓰되홍길동의평ᄉᆡᆼ소원이병조판셔오니젼하하ᄒᆡᄀᆞᆺ탄은ᄐᆡᆨ을드리우샤소신으로병조판셔유지ᄅᆞᆯ쥬시면신이스ᄉᆞ로ᄌᆞ피을이다ᄒᆞ엿더라이ᄉᆞ연을묘당으셔의논ᄒᆞᆯᄉᆡ혹ᄌᆞ난졔의원을푸러쥬워ᄇᆡᆨ셩의마음을안돈ᄒᆞᄌᆞᄒᆞ고혹ᄌᆞ난왈졔무도블츙ᄒᆞᆫ도젹으로나라의쳑촌지공은ᄉᆡ로이만민을소동케ᄒᆞ고셩상의근심을ᄭᅴ치ᄂᆞᆫ놈을엇지일국ᄃᆡᄉᆞ마를쥬리요ᄒᆞ야의논이분운ᄒᆞ여결단치못ᄒᆞ엿더니일일은동ᄃᆡ문밧긔유벽쳐의ᄀᆞ셔육갑신쟝을호령ᄒᆞ야진셰를일위라ᄒᆞ니이윽고두집ᄉᆞ공즁으로셔ᄂᆡ려와국긍ᄒᆞ고좌우의셔니난ᄃᆡ업ᄂᆞᆫ쳔병만마아모곳즈로좃ᄎᆞ오ᄂᆞᆫ쥴모로되일시의진을일위고진즁의황금댠을ᄉᆞᆷ층으로믓고길동을단상의모시니군용이졍졔ᄒᆞ고위염이츄상ᄀᆞᆺ더라황건역ᄉᆞᄅᆞᆯ호령ᄒᆞ여조졍으셔길동을ᄎᆞᆷ소ᄒᆞᄂᆞᆫᄌᆡ의심복을ᄌᆞᄇᆞ드리라ᄒᆞ니신쟝이영을듯고이윽ᄒᆞᆫ후의십여인명을쳘ᄉᆞ로결박ᄒᆞ여드리니비컨ᄃᆡ소뢰긔ᄀᆞ빙아리ᄎᆞ오ᄂᆞᆫ모양이러라단ᄒᆞ의ᄭᅳᆯ니고슈죄왈너희난조졍의좀이되여나라을소겨굿ᄐᆡ여홍길동쟝군을ᄒᆡ코져ᄒᆞ니그죄맛당히버일거시로되인명이ᄀᆞ긍ᄒᆞ긔로안셔ᄒᆞ노라ᄒᆞ고각각군문곤쟝ᄉᆞᆷ십돗식쳐ᄂᆡ치니계오쥭긔ᄅᆞᆯ면ᄒᆞᆫ지라,"이날 사문에 글을 써 붙였으되,
""흥길동의 평생소원이 병조판서이오니 전하 하해같은 은택을 드리우사 소신으로 병조판서 유지를 주시면 신이 스스로 잡히오리다.""
하였더라. 이 사연을 묘당에서 의논할새, 혹자는
""저의 원을 풀어주어 백성의 마음을 안돈하자.""
하고. 혹자는 왈,
""제 무도불충한 도적으로 나라에 척촌지공은 새로이 만민을 소동케 하고 성상의 근심을 끼치는 놈을 어찌 일국 대사마를 주리요?""
하여 의논이 분운하여 결단치 못하였더니, 일일은 동대문 밖의 유벽처에 가서 육갑신장을 호령하여,
""진세를 이루라.""
하니, 이윽고 두 집사 공중에서 내려와 국궁하고 좌우에 서니, 난데없는 천병만마 아무 곳으로부터 오는 줄 모르되, 일시에 진을 이루고 진중에 황금단을 삼층으로 묻고 길동을 단상에 모시니, 군용이 정제하고 위엄이 추상같더라. 황건역사를 호령하여,
""조정에서 길동을 참소하는 자의 심복을 잡아 들이라.""
하니, 신장이 이 영을 듣고 이윽한 후에 십여 인명을 철쇄로 결박하여 들이니, 비컨대, 소리개가 병아리 채오는 모양이더라. 단하에 꿇리고 수죄 왈,
""너희는 조정의 좀이 되어 나라를 속여 구태어 홍길동 장군을 해코자 하니 그 죄 마땅히 벨 것이로되 인명이 가긍하기로 안서하노라.""
하고, 각각 군문 곤장 삼십도씩 쳐 내치니 겨우 죽기를 면한지라."
길동이ᄯᅩᄒᆞᆫ신쟝을분부왈ᄂᆡ몸이조졍의쳐ᄒᆞ여법을ᄌᆞᄇᆞ시면몬쳠불법을업셰여각도ᄉᆞ찰을훼ᄑᆡᄒᆞ렷더니이졔오ᄅᆡ지아니ᄒᆞ여조션국을ᄯᅥ날지라그러ᄒᆞ나부모국이라만리타국의잇셔도잇지못ᄒᆞᆯ지라이졔로각ᄉᆞ의ᄀᆞ혹셰무민ᄒᆞᄂᆞᆫ즁놈을일졔이ᄌᆞᄇᆞ오고ᄯᅩᄒᆞᆫ장안ᄌᆡ상ᄀᆞ의ᄌᆞ식이셰ᄅᆞᆯᄭᅵ고고잔ᄒᆞᆫᄇᆡᆨ셩을소겨ᄌᆡ믈을취ᄒᆞ고블의ᄒᆞᆫ일이만ᄒᆞ며마음이교만ᄒᆞ되구즁이집퍼쳔일이복분의빗초오지못ᄒᆞ고간신이나라의좀미되여셩상의총명을ᄀᆞ리우니ᄀᆞ히ᄒᆞᆫ심ᄒᆞᆫ일이허다ᄒᆞᆫ지라장안의호당지도을낫낫치ᄌᆞᄇᆞ드리라ᄒᆞ니신장이명을듯고공즁으로나라ᄀᆞ더니이시ᄒᆞᆫ후의즁놈ᄇᆡᆨ여명과경화ᄌᆞ졔십여인을ᄌᆞᄇᆞ드리ᄂᆞᆫ지라길동이위염을베플고호령을놉펴각각슈죄왈너희ᄂᆞᆫ다시셰상을보지못ᄒᆞ게ᄒᆞᆯ터이로듸ᄂᆡ몸이나라의조명을ᄇᆞ다국법을ᄌᆞ분ᄇᆡ아니긔로고위안셔ᄒᆞ거니와일후의만일고치지아니ᄒᆞ면너희비록슈만리밧긔잇셔도ᄌᆞᄇᆞ다가버히리라ᄒᆞ고엄형일ᄎᆞ의진문밧긔ᄂᆡ치니라길동이우양을ᄌᆞᄇᆞ군ᄉᆞ을호궤ᄒᆞ고진용을졍졔ᄒᆞ야훤화을금단ᄒᆞ니창쳔만리의ᄇᆡᆨ일이고욕ᄒᆞ고팔진풍운의호령이엄슉ᄒᆞᆫ지라길동이슐을나소와반취ᄒᆞᆫ후의칼을ᄌᆞᄇᆞ츔을츄니검광이분분ᄒᆞ야ᄒᆡ빗츨희롱ᄒᆞ고무슈ᄂᆞᆫ표표ᄒᆞ야공즁의날니ᄂᆞᆫ지라일지셕의라진셰을ᄑᆞᄒᆞ야신장을각각도라보ᄂᆡ고몸을날여활빈당쳐소로도라오니라,"길동이 또 한 신장을 분부 왈,
""내 몸이 조정에 처하여 법을 잡았으면 먼저 불법을 없애어 각도 사찰을 훼패하렸더니, 이제 오래지 아니하여 조선국을 떠날지라. 그러하나 부모국이라 만리타국에 있어도 잊지 못할지라. 이제로 각 사에 가 혹세무민하는 중놈을 일제히 잡아고고, 또한 재상가의 자식이 세를 끼고 고잔한 백성을 속여 재물을 취하고, 불의한 일이 많으며 마음이 교만하되 구중이 깊어 천일이 복분에 비추오지 못하고, 간신이 나라의 좀이 되어 성상의 총명을 가리우니 가히 한심한 일이 허다한지라. 장안의 호당지도를 낱낱이 잡아 들이라.""
하니, 산장 이 명을 듣고 공중으로 날아 가더니,
이시한 후에 중놈 백여 명과 경화자재 십여 인을 잡아 들이는지라. 길동이 위엄을 베풀고 호령을 높혀 각각 수죄 왈,
""너희는 다시 세상을 보지 못하게 할 터이로되, 내 몸이 나라의 조명을 받아 국법을 잡은 바 아니기로 고위 안서하거니와, 일후에 만일 고치지 아니하면 너희 비록 수만리 밖에 있어도 잡아다가 베리라.""
하고, 엄형 일차에 진문 밖에 내치니라. 길동이 우양을 잡아 군사를 호궤하고, 징용을 정제하여 훤화를 금단하니, 창천만리에 백일이 고요하고, 팔진 풍운에 호령이 엄숙한지라. 길동이 술을 내어 반취한 후에 칼을 잡아 춤을 추니, 검광이 분분하여 햇빛을 희롱하고, 무수는 표표하여 공중에 날리는지라. 일지석의라. 진세를 파하여 신장을 각각 돌려보내고, 몸을 날려 활빈당 처소로 돌아 오니라."
이후로ᄂᆞᆫ다시길동을잡ᄂᆞᆫ영이더옥급ᄒᆞ되종젹을보지못ᄒᆞ고길동은젹군을보ᄂᆡ여팔도의셔장안으로ᄀᆞ난뇌물을아셔머그며블상ᄒᆞᆫᄇᆡᆨ셩이잇스면창곡을ᄂᆡ여진휼ᄒᆞ여신츌긔몰ᄒᆞᄂᆞᆫᄌᆡ조을ᄉᆞᄅᆞᆷ은층냥치못ᄒᆞᆯ네라젼하근심ᄒᆞᄉᆞ탄왈이놈의ᄌᆡ조난인력으로잡지못ᄒᆞᆯ지라민심이이럿ᄐᆞᆺ요동ᄒᆞ고그인ᄌᆡ긔특ᄒᆞᆫ지라ᄎᆞ라리그ᄌᆡ조을취ᄒᆞ야조졍의두리라ᄒᆞ시고병조판셔직쳡을ᄂᆡ여걸고길동을브르시니길동이초언을타고ᄒᆞ인슈십명을거ᄂᆞ리고동ᄃᆡ문으로좃ᄎᆞ오거날병조ᄒᆞ인이옹위ᄒᆞ여궐ᄒᆞ의이르러슉ᄇᆡᄒᆞ고ᄀᆞ로ᄃᆡ쳔은이망극ᄒᆞ와분외의은ᄐᆡᆨ이ᄃᆡᄉᆞ마의오르오니망극ᄒᆞ온신의마ᄋᆞᆷ이셩은을만분지일도갑지못ᄒᆞᆯᄀᆞ황공ᄒᆞᄂᆞ이다ᄒᆞ고도라ᄀᆞ더니이후로ᄂᆞᆫ길동이다시작난ᄒᆞ는일이업ᄂᆞᆫ지라각도의길동잡ᄂᆞᆫ영을거두시다,"이 후로는 다시 길동을 잡는 영이 급하되 종적을 보지 못하고, 길동은 적군을 보내어 팔도에서 장안으로 가는 뇌물을 앗아 먹으며, 불상한 백성이 있으면 창곡을 내어 진휼하며 신출귀몰하는 재주를 사람은 측량치 못하더라. 전하 근심하사 탄왈,
""이 놈의 재주는 인력으로 잡지 못할지라. 민심이 이렇듯 요동하고 그 인재 기특한지라. 차라리 그 재주를 취하여 조정에 두리다.""
하시고, 병조판서 직첩을 내어 걸고 길동을 부르시니, 길동이 초헌을 타고 하인 수입명을 거느리고 동대문으로부터 오거늘, 병조 하인이 옹위하여 궐하에 이르러 숙배하고 가로되,
""천은이 망극하여 분외의 은택에 대사마에 오르오니 망극하온 신의 마음이 성은을 만분지일도 갚지 못할까 황공하나이다.""
하고 돌아가더니, 이 후로는 길동이 다시 작란하는 일이 없는지라. 각 도의 길동 잡는 영을 거두시더라."
삼년후의상이월야을당ᄒᆞᄉᆞ환ᄌᆞ을거ᄂᆞ리시고월ᄉᆡᆨ을귀경ᄒᆞ시더니ᄒᆞ날노셔ᄒᆞᆫ션관이오운을타고나려와복지ᄒᆞ난지라상이놀ᄂᆡᄉᆞᄀᆞᄅᆞᄉᆞᄃᆡ귀인이누지의임ᄒᆞ여무슨허믈을이르고져ᄒᆞᄂᆞᆫ잇ᄀᆞᄒᆞ신ᄃᆡ그ᄉᆞᄅᆞᆷ이쥬왈소신은젼병조판셔홍길동이로소이다상이놀ᄂᆡᄉᆞ길동의손을ᄌᆞ부시고왈그ᄃᆡ긔간은어ᄃᆡ을ᄀᆞᆺ던요길동이쥬왈산즁의잇ᄉᆞᆸ더니이졔ᄂᆞᆫ조션을ᄯᅥᄂᆞ다시젼ᄒᆞ뵈올나리업ᄉᆞ오ᄆᆡᄒᆞ직ᄎᆞ로왓ᄉᆞ오며젼하의너부신덕ᄐᆡᆨ의졍조ᄉᆞᆷ쳔셕만쥬시면슈쳔인명이ᄉᆞ라나것ᄉᆞ오니셩은을ᄇᆞᄅᆡ나이다상이허락ᄒᆞ시고왈네고ᄀᆡᄅᆞᆯ들나얼골을보고져ᄒᆞ노라길동이얼골을들고눈은ᄯᅳ지아니ᄒᆞ여왈신이눈을ᄯᅳ오면놀ᄂᆡ실ᄀᆞᄒᆞ여ᄯᅳ지아니ᄒᆞᄂᆞ이다ᄒᆞ고이윽키모셧다ᄀᆞ구름을타고ᄀᆞ며ᄒᆞ직왈젼하의덕ᄒᆞ의졍조ᄉᆞᆷ쳔셕을쥬시니셩은이ᄀᆞ지록망극ᄒᆞ신지라졍조을명일셔강으로슈운ᄒᆞ여쥬옵소셔ᄒᆞ고ᄀᆞ난지라상이공즁을향ᄒᆞ야이윽키ᄇᆞᄅᆡ시며길동의ᄌᆡ조을못ᄂᆡᄎᆞ셕ᄒᆞ시고이튼날ᄃᆡ동당상의ᄒᆞ교ᄒᆞᄉᆞ졍조ᄉᆞᆷ쳔셕을셔강으로슈운ᄒᆞ라ᄒᆞ시니조신이연고을아지못ᄒᆞ더라졍조을셔강으로슈운ᄒᆞᆯᄉᆡ강상으로셔션쳑두리ᄯᅥ오더니졍조ᄉᆞᆷ쳔셕을ᄇᆡ의실고가며길동이ᄃᆡ궐을향ᄒᆞ야ᄉᆞᄇᆡᄒᆞ직ᄒᆞ고아모ᄃᆡ로ᄀᆞ난쥴모를네라,"삼년 후에 상이 월야를 당하사 환자를 거느리시고 월색을 구경하시더니, 하늘로서 한 선관이 오운을 타고 내려와 복지하는지라. 상이 놀라사 가라사대,
""귀인이 누지에 임하여 무슨 허물을 이르고자 하나이까?""
하신대, 그 사람이 주왈,
""소신은 전 병조판서 홍길동이로소이다.""
상이 놀라사 길동의 손을 잡으시고 왈,
""그대 그간은 어디를 갔었느냐?""
길동이 주왈,
""산중에 있사옵더니, 이제는 조선을 떠나 다시 전하 뵈올 날이 없사오매 하직차로 왔사오며, 전하는 넓으신 덕택에 정조 삼천 석만 주시면 수천 인명이 살아나겠사오니 성은을 바라나이다.""
상이 허락하시고 왈,
""네 고개를 들라. 얼굴을 보고자 하노라.""
길동이 얼굴을 들고 눈은 뜨지 아니하여 왈,
""신이 눈을 뜨오면 놀라실까 하여 뜨지 아니하나이다.""
하고, 이윽히 모셨다가 구름을 타고 가며 하직 왈,
""전하의 덕하에 정조 삼천 석을 주시니 성은이 갈수록 망극하신자라. 정조를 명일 서강으로 수운하여 주옵소서.""
하고 가는지라. 상이 공중을 향하여 이윽히 바라보시며 길동의 재주를 못내 차석하시고, 이튿날 대동당상에게 하교하사
""정조 삼천석을 서강으로 수운하라.""
하시니 조신이 연고를 알지 못하더라. 정조를 서강으로 수운할새, 강상으로부터 신척 둘이 떠오더니 정조 삼천 석을 배에 싶고 가며 길동이 대궐을 향하여 사배하직하고 아무 데로 가는 줄 모르더라."
이날길동삼쳔젹군을거ᄂᆞ려망망ᄃᆡᄒᆡ로ᄯᅥᄀᆞ더니셩도라ᄒᆞᄂᆞᆫ도즁의이르러창고을지으며궁실을지여안돈ᄒᆞ고군ᄉᆞ로ᄒᆞ여곰농업을심쓰고각국의왕ᄂᆡᄒᆞ야믈화을통ᄒᆞ며무예을슝상ᄒᆞ야병법을ᄀᆞ르치니삼연지ᄂᆡ예군긔군량이뫼갓고군ᄉᆞ강ᄒᆞ야당젹ᄒᆞ리업슬네라,"이날 길동 삼천 적군을 거느려 망망대해로 떠나더니, 성도라 하는 도중에 이르러 창고를 지으며, 궁실을 지어 안돈하고, 군사로 하여금 농업을 힘쓰고, 각국에 왕래하여 물화를 통하며, 무예를 숭상하여 병법을 가르치니, 삼년지내에 군기 군량이 산같고, 군사 강하여 당적할 이 없더라."
일일은길동이졔군의게분부왈ᄂᆡ망당산의드러ᄀᆞ살촉의발을약을ᄏᆡ여오리라ᄒᆞ고ᄯᅥ나낙쳔현의이르니그ᄯᆞ희만셕군부ᄌᆞ잇스되셩명은ᄇᆡᆨ용이라남ᄌᆞ업고일즉ᄒᆞᆫᄯᆞᆯ을두어시니덕용이겸젼ᄒᆞ야침어낙안지상이요폐월슈화지ᄐᆡ라고셔ᄅᆞᆯ셥녑ᄒᆞ야이두의문쟝을ᄀᆞ져시며ᄉᆡᆨ은장강을비읏고ᄉᆞ덕은ᄐᆡᄉᆞ을본바다일언일동이예졀이이스니그부모극키ᄉᆞ랑ᄒᆞ야아롬다온셔랑을구ᄒᆞ더니나히십팔의당ᄒᆞ야일일은풍우ᄃᆡ작ᄒᆞ여지쳑을분별치못ᄒᆞ게ᄒᆞ고뇌셩벽녁이진동ᄒᆞ더니ᄇᆡᆨ소졔ᄀᆞᆫ고지업난지라ᄇᆡᆨ용의부쳬경황실ᄉᆡᆨᄒᆞ여쳔금을흣터ᄉᆞ방으로슈탐ᄒᆞ되종젹이업ᄂᆞᆫ지라ᄇᆡᆨ뇽이실셩ᄒᆞᆫᄉᆞᄅᆞᆷ이되여거리로다니며방을븟쳐이르되아모ᄉᆞᄅᆞᆷ이라도ᄌᆞ식의거쳐을아라지시ᄒᆞ면인ᄒᆞ여ᄉᆞ회을ᄉᆞᆷ고ᄀᆞᄉᆞᆫ을반분ᄒᆞ리라ᄒᆞ더라,"일일은 길동이 제군에게 분부 왈,
""내 망당산에 들어가 살촉에 바를 약을 캐어 오리라.""
하고 떠나 낙천현에 이르니, 그 땅에 만석군 부자 있으되 성명은 백용이라. 남자 없고 일지기 딸을 두었으니, 덕용이 겸전하여 침어낙안지상이요, 폐월수화지태라. 고서를 섭렵하여 이두의 문장을 가졌으며, 색은 장강을 비웃고, 사덕은 태사를 봉받아 일언 일동이 예절이 있으니, 그 부모 극히 사랑하여 아름다운 사위를 구하더니, 나이 십팔에 당하여 일일은 풍우대작하여 지척을 분별치 못하게 하고, 뇌성벽력이 진동하더니, 백소저가 간 곳이 없는지라. 백용의 부처가 경황실색하여 천금을 흩어 사방으로 수탐하되 종적이 없는지라. 백용이 실성한 사람이 되어 거리로 다니며 방을 붙여 이르되,
""아무 사람이라도 자식의 거처를 알아 지시하면 인하여 사위를 삼고 가산을 반분하리라.""
하더라."
이젹의길동이망당산의드러ᄀᆞ약을ᄏᆡ더니날이져믄후의방황ᄒᆞ며향ᄒᆞᆯ바을아지못ᄒᆞ더니문득한고즐바ᄅᆡ보니블빗치빗초이며여러ᄉᆞᄅᆞᆷ의들네난소ᄅᆡ나거날반겨그고즈로ᄎᆞᄌᆞᄀᆞ니슈ᄇᆡᆨ무리모와ᄯᅴ놀며즐긔난지라ᄌᆞ시히보니ᄉᆞᄅᆞᆷ은아니요즘ᄉᆡᆼ이로듸모양은ᄉᆞᄅᆞᆷᄀᆞᆺᄐᆞᆫ지라심ᄂᆡ의의혹ᄒᆞ야몸을ᄀᆞᆷ쵸오고그거동을살핀이원ᄅᆡ이즘ᄉᆡᆼ은일흠이을동이라길동ᄀᆞ만이활을ᄌᆞᄇᆞ그상좌의안즌장슈을쏘니졍히ᄀᆞᄉᆞᆷ이맛ᄂᆞᆫ지라을동이ᄃᆡ경ᄒᆞ야크게소ᄅᆡ을질으고닷거날길동이밋좃ᄎᆞ잡고져ᄒᆞ다ᄀᆞ밤이이믜집퍼시ᄆᆡ소남글의지ᄒᆞ야밤을지ᄂᆡ고익일평명의살펴보니그즘ᄉᆡᆼ이피흘녓거날피흔젹을ᄯᆞ라슈리을드러ᄀᆞ니큰집이잇스되ᄀᆞ장웅장ᄒᆞᆫ지라,"이때에 길동이 망당산에 들어가 약을 캐더니, 날이 저문 후에 방황하며 향할 바를 알지 못하더니, 문득 한 곳을 바라보니 불빛이 비치이며 여러 사람의 들레는 소리 나거늘, 반겨 그 곳으로 찾아가니 수백 무리 모여 뛰놀며 즐기는지라. 자세히 보니 사람은아니요 짐승이로되 모양은 사람같은지라. 심내에 의혹하여 몸을 감추오고 그 거동을 살피니, 원래 이 짐승은 이름이 을동이라. 길동 가만히 활을 잡아 그 상좌에 앉은 장수를 쏘니 정히 가슴에 맞는지라. 을동이 대경하여 크게 소리를 지르고 달아나거늘, 길동이 맞쫓아 잡고자 하다가 밤이 이미 깊었으매 소나무를 의지하여 밤을 지내고, 익일 평명에 살펴보니 그 짐승이 피를 흘렸거늘, 피 흔적을 따라 수리를 들어가니 큰 집이 있으되 가장 웅장한지라."
문을두다리니군ᄉᆞ나와길동을보고왈그ᄃᆡ엇더ᄒᆞᆫᄉᆞᄅᆞᆷ이과ᄃᆡ이고싀왓ᄂᆞ뇨길동이ᄃᆡ왈나난조션국ᄉᆞᄅᆞᆷ으로이산즁의약ᄏᆡ러왓다ᄀᆞ길을일코이고ᄃᆡ왓노라ᄒᆞ니그즘ᄉᆡᆼ이반긔ᄂᆞᆫ빗치잇셔ᄀᆞ로ᄃᆡ그ᄃᆡ능히의슐을아난야우리ᄃᆡ왕이ᄉᆡ로이미인을엇고어졘날잔ᄎᆡᄒᆞ며길긔더니난ᄃᆡ업는활살이드러와우리ᄃᆡ왕의ᄀᆞᄉᆞᆷ을맛쳐지금ᄉᆞ경의이르럿난지라오날날다ᄒᆡᆼ이그ᄃᆡ을맛낫시니만일의슐을알거든우리ᄃᆡ왕의병셰을회복케ᄒᆞ라길동이ᄃᆡ왈ᄂᆡ비록편작의ᄌᆡ조ᄂᆞᆫ업거니와좀쳬병의난의심치아니ᄒᆞ노라ᄒᆞ니그군ᄉᆞ크게긧거ᄒᆞ야안으로드러ᄀᆞ더니이윽ᄒᆞ야쳥ᄒᆞ거날길동이드러ᄀᆞ좌졍후의그장슈즘승이신음ᄒᆞ며왈복의명이조모ᄅᆞᆯ보젼치못ᄒᆞᆯ너니쳔우신조ᄒᆞᄉᆞ션ᄉᆡᆼ을맛ᄂᆞ오니션약을ᄀᆞ르쳐ᄌᆞᆫ명을구졔ᄒᆞ옵소셔길동이그상쳐을살피고왈이ᄂᆞᆫ어렵지아니ᄒᆞᆫ병이라ᄂᆡ게조흔약이잇스니ᄒᆞᆫ번머그면비단상쳐의이ᄒᆞᆯᄲᅮᆫ아니라ᄇᆡᆨ병이소졔ᄒᆞ고장ᄉᆡᆼ블ᄉᆞᄒᆞ리라ᄒᆞᆫᄃᆡ을동이ᄃᆡ희왈복이스ᄉᆞ로몸을ᄉᆞᆷᄀᆞ치못ᄒᆞ야ᄌᆞᄎᆔ지환을당ᄒᆞ여명이황쳔의도라ᄀᆞ게되여ᄉᆞᆸ더니쳔우신조ᄒᆞᄉᆞ명의ᄅᆞᆯ맛ᄂᆞᄉᆞ오니션ᄉᆡᆼ은급피션약을시험ᄒᆞ소셔,"문을 두드리니 군사 나와 길동을 보고왈
""그대 어떠한 사람이관대 이 곳에 왔느뇨?""
길동이 대왈,
""나는 조선국 사람으로 이 산중에 약캐러 왔다가 길을 잃고 이곳에 왔노라.""
하니, 그 짐승이 반기는 빛이 있어 가로되,
""그대 능히 의술을 아느냐? 우리 대왕이 새로이 미인을 얻고 어젯날 잔치하며 즐기더니, 난데없는 화살이 들어와 우리 대왕의 가슴을 맞혀 지금 사경에 있르렀는지라. 오늘날 다행히 그대를 만났으니 만일 의술을 알거든 우리 대왕의 병세를 회복케 하라.""
길동이 대왈,
""내 비록 편작의 재주는 없거니와 좀체 병에는 의심치 아니하노라.""
하니, 그 군사 크게 기뻐하여안으로 들어가더니, 이윽하여 청하거늘, 길동이 들어가 좌정 후에 그 장수 신음하여 왈,
""복의 명이 조모를 보전치 못하더니 천우신조하사 선생을 만나오니 선약을 가르쳐 잔명을 구제하옵소서.""
길동이 그 상처를 살피고 왈,
""이는 어렵지 아니한 병이라. 내게 좋은 약이있으니 한 번 먹으면 비단 상처에 이할 뿐 아니라, 백병이 소제하고 장생불사하리라.""
한 대, 을동이 대희 왈,
""복이 스스로 몸을 삼가지 못하여 자취지환을 당하여 명이 황천에 돌아가게 되었더니 천우신조하사 명의를 만났사오니, 선생은 급히 선약을 시험하소서."""
길동이금낭을열고약ᄒᆞᆫ봉을ᄂᆡ여슐의타쥬니그즘ᄉᆡᆼ이바다마시더니이윽고몸을뒤치며소ᄅᆡ을크게질너왈ᄂᆡᄀᆞ널노더부러원슈지은일이업거든무ᄉᆞᆷ일노날을ᄒᆡ허여쥬긔려ᄒᆞᄂᆞᆫ요ᄒᆞ며졔동ᄉᆡᆼ등을블너왈쳔만몽외예흉젹을맛나명을ᄭᅳᆫ치게되니너희등은이놈을놋치말고ᄂᆡ의원슈을갑푸라ᄒᆞ고인ᄒᆞ여쥬그니모든을동이일시의칼을들고ᄂᆡ다라ᄭᅮ지져왈ᄂᆡ형을무ᄉᆞᆷ죄로쥬긔나냐내칼을바드라ᄒᆞ거날길동이ᄂᆡᆼ소왈졔명이그ᄲᅮᆫ이라ᄂᆡ엇지쥭여쓰리요ᄒᆞᆫᄃᆡ을동이ᄃᆡ로ᄒᆞ여칼을드러길동을치랴ᄒᆞ거날길동이ᄃᆡ젹코져ᄒᆞᄂᆞ손의쳑촌지검이업셔ᄉᆞ셰위급ᄒᆞᄆᆡ몸을날녀공즁으로다라나니을동이본ᄃᆡ누말년무근요귀라풍운을부리고조화무궁ᄒᆞᆫ지라,"길동이 금낭을 열고 약 한 봉지를 내어 술에 타 주니 그 짐승이 받아 마시더니, 이윽고 몸을 뒤치며 소리를 크게 질러 왈,
""내가 너로 더불어 원수 지은 일이 없거든 무슨 일로 나를 해하여 죽이려 하느냐?""
하며, 제 동생 등을 불러 왈,
""천만몽매 외에 흉적을 만나 명을 끊기게 되니 너희 등은 이놈을 놓치지 말고 나의 원수를 갚으라.""
하고, 인하여 죽으니, 모든 율동이 일시에 칼을 들고 내달아 꾸짖어 왈,
""내 형을 무슨 죄로 죽이느냐? 내 칼을 받아라.""
하거늘, 길동이 냉소 왈,
""제 명이 그 뿐이라. 내 어찌 죽였으리요?""
한대, 을동이 대로하여 칼을 들어 길동을 치려 하거늘, 길동이 대적코자 하나 손에 척촌지검이 없어 사세 위급하매 몸을 날려 공중으로 달아나니, 을동이 본디 누만년 묵은 요귀라 풍운을 부리고 조화무궁한지라."
무슈ᄒᆞᆫ요귀바람을타올ᄂᆞ오니길동이하릴업셔육졍육갑을브르니믄득공즁으로좃ᄎᆞ무슈ᄒᆞᆫ신장이ᄂᆡ려와모든을동을결박ᄒᆞ여ᄯᆞ희ᄭᅮᆯ이니길동이그놈의자분칼을아셔무슈ᄒᆞᆫ을동을다버히고바로드러ᄀᆞ여ᄌᆞᄉᆞᆷ인을쥭이랴ᄒᆞ니그여ᄌᆞ울며왈쳡등은요귀아니요블ᄒᆡᆼᄒᆞ여요귀ᄋᆡ게잡피여와쥭고져ᄒᆞᄂᆞ틈을엇지못ᄒᆞ여쥭지못ᄒᆞ엿ᄂᆞ이다길동이그여ᄌᆞ의셩명을므르니ᄒᆞᆫ낫흔낙쳔현ᄇᆡᆨ능의여ᄌᆞ요ᄯᅩ두여ᄌᆞ졍통양인의녀ᄌᆞ라길동이셰여ᄌᆞ을다리고도라와ᄇᆡᆨ능을ᄎᆞᄌᆞ이일을셜화ᄒᆞ니ᄇᆡᆨ능이평ᄉᆡᆼᄉᆞᄅᆞᆼᄒᆞ던여ᄌᆞ을ᄎᆞ즈ᄆᆡ만심환희ᄒᆞ여쳔금으로ᄃᆡ연을ᄇᆡ셜ᄒᆞ고현당을모와홍ᄉᆡᆼ으로ᄉᆞ회을ᄉᆞ므니인인이층찬ᄒᆞᄂᆞᆫ소ᄅᆡ진동ᄒᆞ더라ᄯᅩ졍통양인이홍ᄉᆡᆼ을쳥ᄒᆞ여ᄉᆞ례왈은혜을갑플긔리업스니각각여ᄌᆞ로시쳡을허ᄒᆞᄂᆞ이다길동이나히이십이되도록봉황의ᄊᆞᆼ뉴을모로다ᄀᆞ일조의삼부인슉녀을맛ᄂᆞ친근ᄒᆞ니은졍이교칠ᄒᆞ여비ᄒᆞᆯᄃᆡ업더라ᄇᆡᆨ능부쳬ᄉᆞᄅᆞᆼᄒᆞ믈이긔지못ᄒᆞ더라인ᄒᆞ여길동이ᄉᆞᆷ부인과ᄇᆡᆨ능부쳬이며일ᄀᆞ졔족을다거ᄂᆞ리고졔도로드러ᄀᆞ니모든군ᄉᆞ강변의나와마ᄌᆞ원로의평안이ᄒᆡᆼᄎᆞᄒᆞ시믈위로ᄒᆞ고호위ᄒᆞ야졔도즁의드러와ᄃᆡ연을ᄇᆡ셜ᄒᆞ고즐긔더라,"무수한 요괴 바람을 타고 올라오니, 길동이 할 수 없어 육정육갑을 부르니, 문득 공중으로부터 무수한 신장이 내려와 모든 을동을 결박하여 땅에 꿇리니, 길동이 그 놈의 잡은 칼을 앗아 무수한 을동을 다 베고, 바로 들어가 여자 삼인을 죽이려 하니, 그 여자 울며 왈,
""첩 등은 요귀 아니요, 불행하게 요귀에게 잡혀 와 죽고자 하나 틈을 얻지 못하여 죽지 못하였나이다.""
길동이 그 여자의 성명을 물으니, 하나는 낙천현 백용의 여자요, 또 두 여자 정통 양인의 여자라. 길동이 세 여자를 데리고 돌아와 백용을 찾아 이 일을 설화하니, 백용이 평생 사랑하던 여자를 찾으매 만심환희하여 천금으로 대연을 배설하고, 향당을 모아 홍생으로 사위를 삼으니, 인인이 칭찬하는 소리 진동하더라. 또 정통 양인이 홍생을 청하여 왈,
""은혜를 갚을 길이 없으니 각각 여자로 시첩을 허하나이다.""
길동이 나이 이십이 되도록 봉황의 쌍유를 모르다가 일조에 삼부인숙녀를 만나 친근하니 은정이 교칠하여 비할 데 없더라. 백용 부처 사랑함을 이기지 못하더라. 인하여 길동이 삼 부인과 백용 부처이며 일가제족을 다 거느리고 제도로 들어가니, 모든 군사 강변에 나와 맞아 원로에 평안히 행차하심을 위로하고, 호위하여 제도중에 들어와 대연을 배설하고 즐기더라."
셰월이여류ᄒᆞ여졔도의드러온졔거의ᄉᆞᆷ연이라일일은길동이월ᄉᆡᆨ을ᄉᆞᄅᆞᆼᄒᆞ야월ᄒᆞ의ᄇᆡ회ᄒᆞ더니믄득쳔문을살피고그부친졸ᄒᆞ실쥴을알고긔리통곡ᄒᆞ니ᄇᆡᆨ씨문왈낭군이평ᄉᆡᆼ스러ᄒᆞ시미업더니오날무ᄉᆞᆷ일노낙누ᄒᆞ시ᄂᆞᆫ잇ᄀᆞ길동이탄식왈나ᄂᆞᆫ쳔지간블효ᄌᆡ라ᄂᆡ본ᄃᆡ이곳ᄉᆞᄅᆞᆷ이아니라조션국홍승상의쳔쳡소ᄉᆡᆼ이라집안의쳔ᄃᆡᄌᆞ심ᄒᆞ고조졍으도ᄎᆞᆷ예치못ᄒᆞᄆᆡ장부을희을참지못ᄒᆞ여부모을ᄒᆞ직ᄒᆞ고이곳의와은신ᄒᆞ여시나부모의긔후을ᄉᆞ모ᄒᆞ더니오날날쳔문을살피니부친의유명ᄒᆞ신명이불구의셰상을이별ᄒᆞ실지라ᄂᆡ몸이만리외예잇셔밋쳬득달치못ᄒᆞ게되니ᄉᆡᆼ젼의부친안젼의ᄇᆡ옵지못ᄒᆞ게되오ᄆᆡ글노스러ᄒᆞ노라ᄇᆡᆨ씨듯고ᄂᆡ심의탄복왈그근본을ᄀᆞᆷ초지아니ᄒᆞ니장부로다ᄒᆞ고ᄌᆡ삼위로ᄒᆞ더라,"세월이 여류하여 제도에 들어온 지 거의 삼 년이라. 일일은 길동이 월색을 사랑하여 월하에 배회하더니, 문득 천문을 살피고 그 부친 졸하실 줄 알고 길게 통곡하니, 백씨 문왈,
""낭군이 평생 슬퍼하심이 없더니 오늘 무슨 일로 낙루하시나이까?""
길동이 탄식 왈,
""나는 천지간 불효자라. 나는 본디 이 곳 사람이 아니라, 조선국 홍승상의 천첩소생이라. 집안의 천대 자심하고, 조정에도 참여치 못하매, 장부 울회를 참지 못하여 부모를 하직하고 이곳에 와 은신하였으나 부모의 기후를 사모하더니, 오늘날 천문을 살피니 부친의 유명하신 명이 불구에 세상을 이별하실지라. 내 몸이 만리 외에 있어 미처 득달치 못하게 되니 생전의 부친 안전에 뵙지 못하게 되오매 그것을 슬퍼하노라.""
백씨 듣고 내심에 탄복 왈,
""그 근본을 감추지 아니하니 장부로다!""
하고, 재삼 위로하더라."
이ᄯᆡ예길동이군ᄉᆞᄅᆞᆯ거ᄂᆞ리고일봉산의드러ᄀᆞ산긔을살펴명당을졍ᄒᆞ고날을갈희여역ᄉᆞ을시작ᄒᆞ여좌우산곡과분묘을능과ᄀᆞᆺ치ᄒᆞ고도라와모든군ᄉᆞ을블너왈모월모일ᄃᆡ션ᄒᆞᆫ쳑을준비ᄒᆞ여조션셔강와긔다리라ᄒᆞ고부모님을모셔오거시니미리아라거ᄒᆡᆼᄒᆞ라ᄒᆞᆫᄃᆡ모든군ᄉᆞ쳥녕ᄒᆞ고믈러ᄀᆞ거ᄒᆡᆼᄒᆞ니라이날길동이ᄇᆡᆨ씨와졍통양인을ᄒᆞ직ᄒᆞ고소션일쳑을ᄌᆡ촉ᄒᆞ야조션으로향ᄒᆞ니라,"이때에 길동이 군사를 거느리고 일봉산에 들어가 산기를 살펴 명당을 정하고, 날을 가리어 역사를 시작하여 좌우 산곡과 분묘를 능과 같이 하고 돌아와 모든 군사를 불러 왈,
""모월 모일 대선 한척을 준비하여 조선 서강에 와 기다리라.""
하고,
""부모를 모셔 올 것이니 미리 알아 거행하라.""
한대, 모든 군사 청령하고 물러가 거행하니라. 이날 길동이 백씨와 정통 양인을 하직하고 소선 일척을 재촉하여 조선으로 향하니라."
각셜이ᄯᆡ예승상이년장구십의조련득병ᄒᆞ여츄구월망일더옥즁ᄒᆞ여부인과장ᄌᆞ길현을블너ᄀᆞ로ᄃᆡᄂᆡ나히구십이라이졔쥭은들무ᄉᆞᆷᄒᆞᆫ이잇실이요마는길동이비록쳔쳡소ᄉᆡᆼ이나ᄯᅩᄒᆞᆫᄂᆡ의골륙이라ᄒᆞᆫ번문외예나ᄆᆡ존망을아지못ᄒᆞ고임종의상면치못ᄒᆞ니엇지슬푸지아니ᄒᆞ리요나쥭은후이라도길동의모ᄅᆞᆯᄃᆡ졉ᄒᆞ여편케ᄒᆞ며부ᄃᆡ후회을ᄉᆡᆼ각ᄒᆞ여만일길동이드러오거든쳔비소ᄉᆡᆼ으로아지말고동복형졔ᄀᆞᆺ치ᄒᆞ여부모의유언을져ᄇᆞ리지말나ᄒᆞ시고ᄯᅩ길동의모을블너갓ᄀᆞ히안즈라ᄒᆞ며손을잡고눈믈을흘녀왈ᄂᆡ너을잇지못ᄒᆞ문길동이나ᄀᆞᆫ후의소직이돈졀ᄒᆞ여ᄉᆞᄉᆡᆼ존망을모로니ᄂᆡᄆᆞᄋᆞᆷ의이갓치ᄉᆞ렴이간졀ᄒᆞ거든네마ᄋᆞᆷ이야더옥층냥ᄒᆞ랴길동은녹녹ᄒᆞᆫ인물이아니라만일ᄉᆞ라시면너ᄅᆞᆯ져바릴ᄇᆡ업스리라부ᄃᆡ몸을ᄀᆞ부야이ᄇᆞ리지말고안보ᄒᆞ여조이지ᄂᆡ라ᄂᆡ황션의도라ᄀᆞ도눈을ᄀᆞᆷ지못ᄒᆞ리로다ᄒᆞ시고인ᄒᆞ여별셰ᄒᆞ시니부인이긔졀ᄒᆞ시고좌우다망극ᄒᆞ여곡셩이진둉ᄒᆞ더라,"각설, 이때에 승상이 연장 구십에 졸연 득병하여 추구월 망일 더욱 중하여 부인과 장자 길현을 불러 가로되,
""내 나이 이제 구십이라 이제 죽은들 무슨 한이 있으리요마는, 길동이 비록 천첩소생이나 또한 나의 골육이라. 한 번 문외에 나가매 존망을 알지 못하고 임종에 상면치 못하니 어찌 슬프지 아니하리요? 나 죽은 후이라도 길동의 모를 대접하여 편케 하며, 부디 후회를 생각하여 만일 길동이 들어오거든 천비소생으로 알지 말고 동복형제같이하여 부모의 유언을 저버리지 말라.""
하시고, 길동의 모를 불러 가까이 앉으라 하여 손을 잡고 눈물를 흘려 왈,
""내 너를 잊지 못함은 길동이 나간 후에 소식이 돈절하여 사생존망을 모르니 내 마음에 이같이 사념이 간절하거든 네 마음이야 더욱 측량하랴? 길동은 녹녹한 인물이 아니라. 만일 살아있으면 너를 저버릴 바 없으리라. 부디 몸을 가볍게 버리지 말고 안보하여 좋게 지내라. 내 황천에 돌아가도 눈을 감지 못하리로다.""
하시고, 인하여 별세하시니, 부인이 기절하시고, 좌우 다 망극하여 곡성이 진동하더라."
길현이슬푼마ᄋᆞᆷ을의졔치못ᄒᆞ야눈믈이비오듯ᄒᆞ며부인을븟드러위로ᄒᆞ여진졍ᄒᆞ신후의초상등졀을예로쎠극진이ᄎᆞ릴ᄉᆡ길동의모난더옥망극ᄋᆡ통ᄒᆞ니그졍상이ᄌᆞᆫ잉ᄒᆞ여ᄎᆞ마보지못ᄒᆞᆯ네라인ᄒᆞ여졸곡후의명산지지ᄅᆞᆯ구ᄒᆞ여안장ᄒᆞ려ᄒᆞ고각쳐의ᄉᆞᄅᆞᆷ노와여러지관을다리고산지을ᄉᆞ방으로구ᄒᆞ되맛당ᄒᆞᆫ고싀업셔근심ᄒᆞ더니이젹의길동이셔강의다달나ᄇᆡ예나려승상ᄃᆡᆨ의이르러바로승상영위젼의드러ᄀᆞ복지통곡ᄒᆞ니상인이ᄌᆞ셰히보니이곳길동이라ᄃᆡ셩통곡후의길동을다리고바로ᄂᆡ당의드러ᄀᆞ부인ᄭᆡ고ᄒᆞ니부인이ᄃᆡ경ᄃᆡ희ᄒᆞ여길동의손을잡고눈믈을나류와왈네어려셔집을ᄯᅥᄂᆞ이ᄌᆡ야드러오니셕ᄉᆞᄅᆞᆯᄉᆡᆼ각ᄒᆞ면도로혀ᄎᆞᆷ괴ᄒᆞᆫ지라그러ᄒᆞᄂᆞ네그ᄉᆡ이ᄉᆞᆷᄉᆞ년은종젹을아조ᄭᅳᆫ어어ᄃᆡ로갓던다ᄃᆡ감이임종시말ᄉᆞᆷ이이러이러ᄒᆞ시고너ᄅᆞᆯ잇지못ᄒᆞ며도ᄅᆞᄀᆞ시니엇지원통치아니ᄒᆞ리요ᄒᆞ시고그어믜ᄅᆞᆯ부르시니그모길동이온쥴을알고급피드러와모ᄌᆞ셔로ᄃᆡᄒᆞ니흐르난눈믈을셔로금치못ᄒᆞ더라,"길현이 슬픈 마음을 적제치 못하여 눈물이 비오듯하며, 부인을 붙들어 위로하여 진정하신 후에 초상등절을 예로써 극진히 차릴새, 길동의 모는 더욱 망극 애통하니 그 정상이 잔잉하여 차마 보지 못하더라. 인하여 졸곡 후에 명산지지를 구하여 안장하려 하고 각처에 사람을 놓아 여러 지관을 데리고 산지를 사방으로 구하되 마땅한 곳이 없어 근심하더니, 이때에 길동이 서강에 다달아 배에서 내려 승상댁에 이르러 바로 승상 영위전에 들어가 복지통곡하니, 상인이 자세히 보니 이 곧 길동이라. 대성통곡 후에 길동을 데리고 바로 내당에 들어가 부인께 고하니, 부인이 대경대회하여 길동의 손을 잡고 눈물을 흘리며 왈,
""네 어려서 집을 떠나 이제야 들어오니 석사를 생각하면 도리어 참 괴한지라. 그러나 네 그사이 삼사년은 종적을 아주 끊어 어디로 갔었더나? 대감이 임종시 말씀이 이러이러 하시고 너를 잊지 못하며 돌아가시니 어찌 원통치 아니하리요?""
하시고, 그 어미를 부르시니, 그 모 길동 온 줄 알고 급히 들어와 모자 서로 대하니 흐르는 눈물을 서로 금치 못하더라."
길동이부인과그모친을위로ᄒᆞᆫ후의그형장을ᄃᆡᄒᆞ야왈소졔긔ᄀᆞᆫ은산즁의은거ᄒᆞ여지리ᄅᆞᆯᄌᆞᆷ심ᄒᆞ와ᄃᆡᄀᆞᆷ의말년유ᄐᆡᆨ을졍ᄒᆞᆫ고지잇ᄉᆞᆸ더니아지못게라임의소졈이잇ᄉᆞᆸᄂᆞ니잇ᄀᆞ그형이이말을듯고더옥반겨아즉졍치못ᄒᆞᆫ말을셜화ᄒᆞ고졔인이모화밤이맛도록졍회을베플고잇틋날길동이그형을모시고ᄒᆞᆫ고듸이르러ᄀᆞ르쳐왈이고싀소졔의졍한ᄯᆞ히로소이다길현이ᄉᆞ면을살펴보니즁즁ᄒᆞᆫ석각이험악ᄒᆞ고누누ᄒᆞᆫ고총이슈업ᄂᆞᆫ지라심ᄂᆡ의블합ᄒᆞ여왈소졔의놉푼소견은아지못ᄒᆞ되ᄂᆡ마ᄋᆞᆷ은이고ᄃᆡ모슬ᄉᆡᆼ각이업스니다른ᄯᆞ흘졈복ᄒᆞ라길동이거짓탄식왈이ᄯᆞ히비록이러ᄒᆞ오나누ᄃᆡ장상지지연만은형장의소견이블합ᄒᆞ오니ᄀᆡ탄이로이ᄃᆞᄒᆞ고도ᄎᆡ을드러슈젹을ᄑᆞᄒᆞ니오ᄉᆡᆨ긔운이일며쳥학ᄒᆞᆫ쌍이나ᄅᆞᄀᆞ난지라그형이이거동을보고크게누웃쳐ᄒᆞ여길동의손을잡고왈우형의소견졀언ᄃᆡ지ᄅᆞᆯ일허시니엇지ᄋᆡ답지아니ᄒᆞ리요바ᄅᆡ나니다른ᄯᆞ히업ᄂᆞ냐길동이ᄀᆞ로ᄃᆡ이의셔ᄒᆞᆫ고지잇셔도길이슈쳘니라글노염예ᄒᆞᄂᆞ이다길현이왈이졔슈만리라도부모의ᄇᆡᆨ골이평안ᄒᆞᆯ고지잇스면그원근을ᄎᆔᄉᆞ치아니ᄒᆞ리라ᄒᆞᆫᄃᆡ길동이함긔집의도라와그말ᄉᆞᆷ을셜화ᄒᆞ니부인이못ᄂᆡᄋᆡ달나ᄒᆞ시더라,"길동이 부인과 그 모친을 위로한 후 그 형장을 대하여 왈,
""소제 그간은 산중에 은거하여 지리를 잠심하여 대감의 말년유택을 정한 곳이 있사옵더니, 알지 못하겠구나! 이미 소점이 있사옵나이까?""
그 형이 이 말을 듣고 더욱 반겨 아직 정하지 못한 말을 설화하고, 제인이 모여 밤이 새도록 정회를 풀고, 이틑날 길동이 그 형을 모시고 한 곳에 이르러 가르켜 왈,
""이곳이 소제의 정한 땅이로소이다.""
길현이 사면을 살펴보니, 중중한 석각이 험악하고, 누누한 고총이 수없는지라. 심내에 불합하여 왈,
""소제의 높은 소견을 알지 못하되 내 마음은 이곳에 모실 생각이 없으니 다른 땅을 점복하라.""
길동이 거짓 탄식 왈,
""이땅이 비록 이러하오나 누대 장상지지어늘 형장의 소견이 불합하오니 개탄이로다!""
하고, 도끼를 들어 수척을 파하니, 오색 기운이 일며 청학 한쌍이 날아가는지라. 그 형이 이 거동을 보고 크게 뉘우쳐 길동의 손을 잡고 왈,
""우형의 소견 절어대지를 잃었으니 어찌 애닯지 아니하니요? 바라나니 다른 땅이 없느냐?""
길동이 가로되,
""이에서 한 곳이 있어도 길이 수천 리라 그것을 염려하나이다.""
길현이 왈,
""이제 수만리라도 부모의 백골이 평안할 곳이 있으면 그 원근을 취사치 아니하리라.""
한대, 길동이 함께 집에 돌아와 그 말씀을 설화하니, 부인이 못내 애달아 하시더라."
날을갈히여ᄃᆡᄀᆞᆷ영위을모시고도즁으로향ᄒᆞᆯᄉᆡ길동이부인게엿ᄌᆞ오ᄃᆡ소ᄌᆞ도라와모ᄌᆞ지졍을다펴지못ᄒᆞ옵고ᄯᅩᄒᆞᆫᄃᆡᄀᆞᆷ영위의조셕공향이난쳐ᄒᆞ오니어미와ᄒᆞᆷ긔이번길의ᄒᆞᆷ귀ᄒᆞ오면조흘ᄀᆞᄒᆞ나니다부인이허락ᄒᆞ시거날직일발ᄒᆡᆼᄒᆞ여셔강의다다르니졔군이ᄃᆡ션ᄒᆞᆫ쳑을ᄃᆡ후ᄒᆞ얏ᄂᆞᆫ지라상구를ᄇᆡ에모신후의복ᄐᆡᆨ노복을다므리치고그형장과어미ᄅᆞᆯ모셔만경창파로ᄯᅥᄂᆞᄀᆞ니지향을아지못ᄒᆞᆯ네라슈일후의도즁의이르러상구ᄅᆞᆯ쳥상의모시고날을갈히여일봉산의올ᄂᆞ쟝예을모실ᄉᆡ산역ᄒᆞᄂᆞᆫ거동이능노ᄀᆞᆺᄐᆞᆫ지라그형장이너무ᄎᆞᆷ남ᄒᆞ믈놀ᄂᆡ니길동왈형쟝은의심치마옵소셔이고즌조션ᄉᆞᄅᆞᆷ이츌입ᄒᆞᄂᆞᆫ고싀아니ᄒᆞ며그ᄌᆞ식되ᄂᆞᆫᄌᆡ부모을후장ᄒᆞ여셔죄될거시업나이다ᄒᆞ더라안장후의도즁의도라와슈월머무더니그형이고향을도라ᄀᆞ고져ᄒᆞ거날길동이길을ᄎᆞ릴ᄉᆡ이별을고ᄒᆞ여왈형장을다시보올나리막년ᄒᆞ온지라어믜ᄂᆞᆫ이믜이고ᄃᆡ왓ᄉᆞ오니모ᄌᆞ졍니의ᄎᆞ마ᄯᅥ나지못ᄒᆞ오며형장은ᄃᆡᄀᆞᆷ을ᄉᆡᆼ젼의모셰ᄉᆞ오니ᄒᆞᆫᄒᆞᆯᄇᆡ업ᄂᆞᆫ지라ᄉᆞ후향화ᄂᆞᆫ소졔ᄀᆞ밧들어블효지죄을만분지일이ᄂᆞ덜ᄀᆞᄒᆞᄂᆞ이다ᄒᆞ고ᄒᆞᆷ긔산소의올ᄂᆞᄒᆞ즉ᄒᆞ고나려와길동의모와ᄇᆡᆨ씨을이별ᄒᆞᆯᄉᆡ피ᄎᆞ의다시맛나믈당부ᄒᆞ고못ᄂᆡ연연ᄒᆞ더라,"날을 가리어 대감 영위를 모시고 도중으로 향할새, 길동이 부인께 여쭈오되,
""소자 돌아와 모자지정을 다 펴지 못하옵고, 또 대감 영위에 조석공양이 난처하오니 어미와 함께 이번 길에 함께 하오면 좋을까 하나이다.""
부인이 허락하시거늘, 직일 발행하여 서강에 다다르니 제군이 대선 한척을 대후하였는지라. 상구를 배에 모신 후에 복태 노복을 다 물리치고 그 형장과 어미를 모셔 만경창파로 떠나가니 지향을 알지 못하더라. 수일 후에 도중에 이르러 상구를 청상에 모시고, 날을 가리어 일봉산에 올라 장례를 모실새, 산역하는 거동이 능묘같은지라. 그 형장이 너무 참람함을 놀라니, 길동 왈,
""형장은 의심치 마옵소서. 이 곳은 조선 사람이 출입하는 곳이 아니며 그 자식되는 자가 부모를 후장하여서 죄될 것이 없나이다.""
하더라. 안장 후에 도중에 돌아와 수월 머물더니, 그 형이 고향으로 돌아가고자 하거늘, 길동을 길을 차릴새, 이별을 고하여 왈,
""형장을 다시 볼 날이 막연하온지라. 어미는 이미 이 곳에 왔사오니 모자 정리에 차마 떠나지 못하오며, 형장은 대감을 생전에 모셨사오니 한할 바가 없는지라. 사후 향화는 소제가 받들어 불효지죄를 만불지일이나마 덜까 하나이다.""
하고, 함께 산소에 올라 하작히고 내려와 길동의 모와 백씨를 이별할새, 피차에 다시 만남을 당부하고 못내 연연하더라."
소션일쳑을ᄌᆡ촉ᄒᆞ여고국으로향ᄒᆞᆯᄉᆡ길동의손을잡고왈슬푸다이별이오ᄅᆡᆯ지라소졔ᄂᆞᆫᄂᆡ의ᄉᆞ졍을살펴상젼의ᄃᆡᄀᆞᆷᄉᆞᆫ소을다시보게ᄒᆞ라ᄒᆞ며ᄒᆡ음업시눈믈이옷긧슬젹시ᄂᆞᆫ지라길동이ᄯᅩᄒᆞᆫ눈믈지며왈형장은고국의도라ᄀᆞ와부인을모시고만셰무강ᄒᆞ옵소셔다시모들긔약을졍치못ᄒᆞ오니남북슈쳔리의난호와강금의이블이ᄎᆞ고쳑영의나ᄅᆡ고단ᄒᆞᄆᆡ속졀업시북으로ᄀᆞ난긔러긔을탄식ᄒᆞ며동으로흐르난믈을바ᄅᆡᆯᄯᆞ롬이오니ᄉᆡᆼ니ᄉᆞ별을당ᄒᆞ와그졍회ᄂᆞᆫ피ᄎᆞᄒᆞᆫᄀᆞ지라아모리쳘셕ᄀᆞᆫ장인들ᄎᆞ마견ᄃᆡ리요ᄒᆞ며두쥴눈믈이말소ᄅᆡ을ᄶᅩᄎᆞᄯᅥ러지니진실노만고상심ᄒᆞᆫ마듸라강슈위ᄒᆞ여소ᄅᆡ을ᄭᅳᆫ치고ᄒᆡᆼ운이머무난듯ᄒᆞ여ᄎᆞ마셔로ᄯᅥᄂᆞ지못ᄒᆞ더라강인ᄒᆞ며셔로위로ᄒᆞ고ᄇᆡ을ᄯᅴ워슈월만의고국의도라와모부인게뵈옵고ᄉᆞᆫ쳐ᄉᆞ연이며젼후슈말을낫낫치셜화ᄒᆞᆯᄉᆡ부인도못ᄂᆡᄎᆞ셕ᄒᆞ시더라,"소선 일척을 제촉하여 고국으로 향할새, 길동의 손을 잡고 왈,
""슬프다! 이별이 오랠지라. 소제는 나의 사정을 살펴 생전에 대감 산소를 다시 보게 하라.""
하며 하염없이 눈물이 옷깃을 적시는지라. 길동이 또한 눈물지며 왈,
""형장은 고국에 돌아가 부인을 모시고 만세무강하옵소서. 다시 모일 기약을 정치 못하오니, 남북 수천리에 나뉘어 강금의 이불이 차고, 척령의 나래 고단하매, 속절없이 북으로 가는 기러기를 탄식하며, 등으로 흐르는 물을 바랠 따름이오니, 생리사별을 당하여 그 정회는 피차 한가지라. 아무리 철석간장인들 차마 견디리요?""
하며, 두 줄 눈물이 말소리를 쫓아 떨어지니, 진실로 만고상심 한 마디라. 강수 위하여 소리를 그치고, 행운이 머무는 돗하여 차마 서로 떠나지 못하더라. 강잉하며 서로 위로하고, 배를 띄워 수월 만에 고국에 돌아와 모부인께 뵈옵고, 산처 사연이며 천후수말을 낱낱이 설화할새, 부인도 못내 차석하시더라."
ᄎᆞ셜길동이그형을이별후의졔군을권ᄒᆞ야농업을심쓰고군법을일ᄉᆞ무며그러구러ᄉᆞᆷ년초토을지ᄂᆡᄆᆡ양식이넉넉ᄒᆞ고슈만군졸이무예와긔보ᄒᆞᄂᆞᆫ법이쳔ᄒᆞ의최ᄀᆞᆼᄒᆞ더라근쳐의ᄒᆞᆫ나라이잇스니일홈은율도국이라즁국을셤긔지아니ᄒᆞ고슈십ᄃᆡᄅᆞᆯ젼ᄌᆞ젼손ᄒᆞ야덕화유ᄒᆡᆼᄒᆞ니나라이ᄐᆡ평ᄒᆞ고ᄇᆡᆨ셩이넉넉ᄒᆞ야날길동이졔군과의논왈우리엇지이도즁만직키여셰월을보ᄂᆡ리요이졔율도국을치고져ᄒᆞ나니각각소견의엇더ᄒᆞ뇨졔인이즐겨원치아니ᄒᆞ리업난지라즉시ᄐᆡᆨ일츌ᄉᆞ할ᄉᆡ삼호걸노션봉을ᄉᆞᆷ고김인슈로후군장을ᄉᆞᆷ고길동스ᄉᆞ로ᄃᆡ원슈되야중영을총독ᄒᆞ니긔병이오쳔이요보졸이이만이라금고ᄒᆞᆷ셩은강산이진동ᄒᆞ고긔치검극은일월을ᄀᆞ리왓더라군ᄉᆞ을ᄌᆡ촉ᄒᆞ여율도국으로향ᄒᆞ니이른바당ᄒᆞᆯᄌᆡ업셔단ᄉᆞ호장으로문을여러항복ᄒᆞᄂᆞᆫ지라슈월지간의칠십여셩을졍ᄒᆞ니위염이일국의진동ᄒᆞᄂᆞᆫ지라도셩오십니밧긔진을치고율도왕의게격셔ᄅᆞᆯ젼ᄒᆞ니그글의ᄒᆞ엿시되의병장홍길동은ᄉᆞᆷᄀᆞ글월을율도왕좌하의드리나니나라난ᄒᆞᆫᄉᆞᄅᆞᆷ이오ᄅᆡ직키지못ᄒᆞᄂᆞᆫ지라시고로셩탕은하걸을치고무왕은상쥬을ᄂᆡ치시니다ᄇᆡᆨ셩을위ᄒᆞ야난ᄃᆡ을평졍ᄒᆞ는ᄇᆡ라이졔의병이십만을거ᄂᆞ러칠십여셩을항복밧고이예이르럿시니왕은ᄃᆡ셰을당ᄒᆞᆯ듯ᄒᆞ거든ᄌᆞ웅을결단ᄒᆞ고셰궁ᄒᆞ거든일직항복ᄒᆞ여쳔명을순슈ᄒᆞ라ᄒᆞ고다시위로왈ᄇᆡᆨ셩을위ᄒᆞ야슈히항셔을올이면일방봉작으로ᄉᆞ직을망케아니ᄒᆞ리라ᄒᆞ여더라,"차설, 길동이 그 형을 이별 후에 제군을 권하여 농업을 힘쓰고, 군법을 일삼으며, 그럭저럭 삼년초토를 지내매, 양식이 넉넉하고, 수만 군졸이 무예와 기보하는 법이 천하에 최강하더라. 근처에 한 나라가 있으니 이름은 율도국이라. 중국을 섬기지 아니하고, 수십 대를 전자전손하여 덕화유행하니, 나라가 태평하고, 백성이 넉넉하거늘, 길동이 제군과 의논 왈,
""우리 어찌 이 도중만 지키어 세월을 보내리요? 이제 율도국을 치고자 하니 각각 소견에 어떠하냐?""
제인이 즐겨 원치 아니할 이 없는지라. 즉시 택일하여 출사할새, 삼호걸로 선봉을 삼고, 김인수로 후장군을 삼고, 길동 스스로 대원수되어 중영을 총독하니, 기병이 오천이요, 보졸이 이만이라. 곰고함성은 강상이 진동하고, 기치검극은 일월을가리웠더라. 군사를 재촉하여 율도룩그로 향하니, 이른바 당할 자가 없어 단사호장으로 문을 열어 항복하는지라. 수월지간에 칠십여 성을 정하니 위엄이 일국에 진동하는지라. 도성 오십 리 밖에 진을 치고 율도왕에서 격서를 전하니 그 글에 하였으되,
""의병장 홍길동은 삼가 글월을 율도왕 좌하에 드리나니, 나라는 한 사람이 오래 지키지 못하는지라. 시고라 성탕은 하걸을 치고, 무왕은 상주를 내치시니, 다 백성을 위하여 난대를 평정하는 바라. 이제 의병 이십만을 거느려 칠십여성을 항복받고 이에 이르렀으니, 왕은 대세를 당할 듯하거든 자웅을 결단하고, 세궁하거든 일찍 항복하여 천명을 순수하라.""
하고, 다시 위로 왈,
""백성을 위하여 쉬 항서를 올리면 일방 봉작으로 사직을 망케 아니하리라.""
하였더라."
이젹의율도왕이블의예일홈업난도젹이칠십여쥬을항복바도ᄆᆡ향ᄒᆞᄂᆞᆫ곳마닥당젹지못ᄒᆞ고도셩을범ᄒᆞᄆᆡ비록지혜잇ᄂᆞᆫ신ᄒᆞ라도위ᄒᆞ여ᄭᅬᄒᆞ지못ᄒᆞ더니믄득격셔을드리ᄆᆡ만조졔신이아모리ᄒᆞᆯ쥴모로고장안이진동ᄒᆞᄂᆞᆫ지라졔신이의논왈이졔도젹의ᄃᆡ셰을당치못ᄒᆞᆯ지라ᄊᆞ호지말고도셩을구지직키고긔병을보ᄂᆡ여그치즁군량슈운ᄒᆞᄂᆞᆫ길을마그면젹병이나소와ᄊᆞ홈을엇지못ᄒᆞ고ᄯᅩ믈너갈길이업ᄉᆞ오면슈월이못ᄒᆞ야젹장의머리을셩문의달니이ᄃᆞ의논이분운ᄒᆞ더니슈문장이급고왈뎍병이발셔도셩십이밧긔진을쳣나이ᄃᆞ율도왕이ᄃᆡ분ᄒᆞ여졍병십만을조발ᄒᆞ여친이ᄃᆡ장이되야ᄉᆞᆷ군을ᄌᆡ촉ᄒᆞ야호슈을막어진을치니라,"이때에 율도왕이 불의에 이름없는 도적이 칠십여 주를 항복받으매, 향하는 곳 마다 당적치 못하고, 도성을 범하매 비록 지혜있는 신하라도 위하여 꾀하지 못하더니, 문득 격서를 들이매 만조제신이 아무러할 줄 모르고 장안이 진동하는지라. 제신이 의논 왈,
""이제 도적의 대세를 당치 못할지라. 싸우지 말고 도성을 굳게 지키고, 기병을 보내어 기 치중군량 수운하는 길을 막으면 적병이 나아와 싸움을 어찌 못하고, 또 물러갈 길이 없사오면, 수월이 못되어 적장의 머리를 성문에 달리이다.""
의논이 분운하더니, 수문장이 급고 왈,
""적병이 벌써 도성 십 리 밖에 진을 쳤나이다.""
율도왕이 대분하여 정병 십만을 조발하여 친히 대장이 되어 삼군을 재촉하여 호수를 막아 진을 치니라."
이젹의길동이형지을슈탐ᄒᆞᆫ후의졔장과의논왈명일오시면율도왕을ᄉᆡ로자블거시니군령을어긔오지말나ᄒᆞ고졔장을분발ᄒᆞᆯᄉᆡᄉᆞᆷ호걸을블너왈그ᄃᆡᄂᆞᆫ군ᄉᆞ오쳔을거ᄂᆞ려냥관남편의복병ᄒᆞ엿다ᄀᆞ호령을지다려이리이리ᄒᆞ라ᄒᆞ고후군장김인슈을블너왈그ᄃᆡᄂᆞᆫ군ᄉᆞ이만을거ᄂᆞ려냥관우편의ᄆᆡ복ᄒᆞ엿ᄃᆞᄀᆞ호령을지다려이리이리ᄒᆞ라ᄒᆞ고ᄯᅩ좌션봉ᄆᆡᆼ츙을블너왈그ᄃᆡᄂᆞᆫ쳘긔오쳔을거ᄂᆞ려율왕과ᄊᆞ호다ᄀᆞ거즛ᄑᆡᄒᆞ야왕을인도ᄒᆞ여양관으로다라나다ᄀᆞ츄병양관어귀예들거든이리이리ᄒᆞ라ᄒᆞ고ᄃᆡ장긔치와ᄇᆡᆨ모황월을쥬니라잇틋날평명의ᄆᆡᆼ춘이진문을크게열고ᄃᆡ장긔치을진젼의셰우고웨여왈무도ᄒᆞᆫ율도왕이감히쳔명을항거ᄒᆞ니날을당젹ᄒᆞᆯᄌᆡ조잇거든ᄲᆞᆯ니나와ᄌᆞ웅을결단ᄒᆞ라ᄒᆞ며진문의치돌ᄒᆞ며ᄌᆡ조을비양ᄒᆞ니젹진션봉한셕이웅셩출마왈너희난엇더ᄒᆞᆫ도젹으로쳔위을모로고ᄐᆡ평시졀을블난케ᄒᆞᄂᆞᆫ다오날날너희을ᄉᆡ로잡아민심을안돈ᄒᆞ리라ᄒᆞ고언필의양장이합젼ᄒᆞ야ᄊᆞ호더니슈합이못ᄒᆞ야ᄆᆡᆼ춘의칼이빗나며ᄒᆞᆫ셕의머리을버혀들고좌츙우돌ᄒᆞ여왈율왕은무죄ᄒᆞᆫ장졸을상치말고슈히나황복ᄒᆞ여잔명을보젼ᄒᆞ라ᄒᆞ니율왕이션봉ᄑᆡᄒᆞ믈보고분긔을이긔지못ᄒᆞ야녹포운갑의ᄌᆞ금투고을쓰고좌슈의방쳔극을들고졀니ᄃᆡ완마을ᄌᆡ촉ᄒᆞ야진젼의나셔며왈젹장은잔말말고ᄂᆡ의창을바드라ᄒᆞ고급피ᄆᆡᆼ춘을취ᄒᆞ여ᄊᆞ호니십여합의ᄆᆡᆼ춘이ᄑᆡᄒᆞ여말머리을들너양관으로향ᄒᆞ니율도왕이ᄭᅮ지져왈젹쟝은닷지말고말게나려항복ᄒᆞ라,"이때에 길동이 형지를 수탐한 후에 제장과 의논 왈,
""명일 오시면 율도왕을 사로잡을 것이니 군령을 어기지 말라.""
하고 제장을 분발할새, 삼호걸을 불러 왈,
""그대는 군사 오천을 거느려 양관 남편에 복병하였다가 호령을 기다려 이리이리 하라.""
하고, 후군장 김인수를 불러 왈,
""그대는 군사 이만을 거느려 이리이리 하라.""
하고, 또 좌선봉 맹춘을 불러 왈,
""그대는 철기 오천을 거느려 율왕과 싸우다가 거짓 패하여 왕을 인도하여 양관으로 달아나다가 추병이 양관 어귀에 들거든 이리이리 하라.""
하고, 대장기치와 백모황월을 주니라. 이튿날 평명에 맹춘이 진문을 크게 열고 대장기치를 진전에 세우고 외쳐 왈,
""무도한 율도왕이 감히 천명을 항거하니 나를 당적할 재주 있거든 빨리 나와 자웅을 결단하라.""
하며 진문에 치돌하며 재주를 비양하니, 적진 선봉 한석이 응성출마 왈,
""너희는 어떠한 도적으로 천위를 모르고 태평시절을 분란케 하느냐? 오늘날 너희를 사로잡아 민심을 안돈하리라.""
하고, 언필에 상장이 합전하여 싸우더니, 수합이 못되어 맹춘의 칼이 빛나며 한석의 머리를 베어 들고 좌충우돌하여 왈,
""율왕은 무죄한 장졸을 상치 말고 쉬이 나와 항복하여 잔명을 보전하라.""
하니, 율왕이 선봉 패함을 보고 분기를 이기지 못하여 녹포운갑에 자금투구를 쓰고, 좌수에 방천극을 들고, 천리대완마를 재촉하여 진전에 나서며 왈,
""적장은 잔말 말고 나의 창을 받으라.""
하고, 급히 맹춘을 취하여 싸우니, 십여합에 맹춘이 패하여 말머리를 돌려 양관으로 향하니 율도왕이 꾸짖어 왈,
""적장은 달아 지 말고 말에서 내려 항복하라."""
말을ᄌᆡ촉ᄒᆞ야ᄆᆡᆼ춘ᄯᆞ라양관으로ᄀᆞ더니젹장이골어귀에들며군긔을바리고ᄉᆞᆫ곡으로닷ᄂᆞᆫ지라율도왕이무슨간계잇ᄂᆞᆫᄀᆞ의심ᄒᆞ다ᄀᆞ왈네비록ᄀᆞᆫᄉᆞᄒᆞᆫᄭᅩ히잇시나ᄂᆡ엇지겁ᄒᆞ리요ᄒᆞ고군ᄉᆞ을호령ᄒᆞ야급피ᄯᆞ로더니이젹의길동이장ᄃᆡ의셔보다ᄀᆞ율도왕이양관어귀에들믈알고신병오쳔을호령ᄒᆞ야ᄃᆡ군과합셰ᄒᆞ야양관어귀예팔진을쳐도라갈길을막으니라율도왕이젹장을좃ᄎᆞ골의들ᄆᆡ방포소ᄅᆡ나며ᄉᆞ면복병이합셰ᄒᆞ여그셰풍우ᄀᆞᆺᄐᆞᆫ지라율도왕ᄭᅬ여ᄡᆞ진쥴알고셰궁ᄒᆞ여군ᄉᆞ을도로혀나오더니양관어귀예밋츠니길동의ᄃᆡ병이길을막어진을치고항복ᄒᆞ라ᄒᆞᄂᆞᆫ소ᄅᆡ쳔지진동ᄒᆞᄂᆞᆫ지라율왕이심을다ᄒᆞ야진문을혜치고드러ᄀᆞ니믄득풍우ᄃᆡ작ᄒᆞ고뇌셩벽녁이진동ᄒᆞ며지쳑을분별치못ᄒᆞ여군ᄉᆞ크게어지러워갈바을모로더니길동이신병을호령ᄒᆞ여젹장과군졸을일시의졀박ᄒᆞ엿ᄂᆞᆫ지라율왕이아몰ᄒᆞᆯ쥴모로고크게놀ᄂᆡ여급피혜친들팔진을어이버셔나리요필마단창으로동셔을모로고횡ᄒᆡᆼᄒᆞ더니길동이졔장을호령ᄒᆞ야졀박ᄒᆞ라ᄒᆞᄂᆞᆫ소ᄅᆡ츄상ᄀᆞᆺᄐᆞᆫ지라율왕이ᄉᆞ면을살피니군ᄉᆞᄒᆞᆫ나도ᄯᆞ로난ᄌᆡ업스ᄆᆡ스ᄉᆞ로버셔나지못ᄒᆞᆯ쥴알고분긔을이긔지못ᄒᆞ야ᄌᆞ결ᄒᆞᄂᆞᆫ지라,"말을 재촉하여 맹춘을 따라 양관으로 가더니, 적장이 골 어귀에 들며 군기를 버리고 산곡으로 달아나는지라. 율도왕이 무슨 간계있는가 의심하다가 왈,
""네 비록 간사한 꾀가 있으나 내 어찌 겁하리요?""
하고 군사를 호령하여 급하 따르더니, 이때에 길동이 장대에서 보다가 율도왕이 양관 어귀에 듦을 알고, 신병 오천을 호령하여 대군과 합세하여 양관 어귀에 필잔을 쳐 돌아갈 길을 막으니라. 율도왕이 적장을 쫓아 골에 들매 방포소리 나며 사면복병이 합세하여 그 세 풍아같은지라. 율도왕 꾀에 빠진 줄 알고 세궁하여 군사를 돌려 나오더니, 양관 어귀에 미치니 길동의 대병이 길을 막이 진을 치고 항복하라 하는 소리 천지 진동하는지라. 율도왕이 힘을 다하여 진문을 헤치고 들어가니, 문득 풍우대작하고, 뇌성벽력이 진동하며 지척을 분별치 못하여 군사 크게 어지러워 갈 바를 모르더니, 길동이 신병을 호령하여 적장과 군졸을 일시에 결박하였는지라. 율도왕이 아무러 할 줄 모르고 크게 놀래어 급히 헤진들 팔진을 어떻게 벗어나리요? 필마단창으로 동서를 모르고 횡행하더니, 길동이 제장을 호령하여 결박하라 하는 소리 추상같은지라. 율도왕이 사면을 살피니 군사 하나도 따르는 자가 없으매, 스스로 벗아나지 못할 줄 알고 분기를 이기지 못하여 자결하는지라."
길동이ᄉᆞᆷ군을거나려승젼고을울니며본진으로도라와군ᄉᆞ을호궤후의율도왕을왕녜로장ᄉᆞᄒᆞ고ᄉᆞᆷ군을ᄌᆡ촉ᄒᆞ야도셩을에워ᄊᆞ니율도왕의장ᄌᆞ흉변을듯고ᄒᆞ날을우러러탄식ᄒᆞ며인ᄒᆞ여ᄌᆞ결ᄒᆞ니졔신이ᄒᆞᆯ일업셔율국ᄉᆡ슈ᄅᆞᆯ밧드러황복ᄒᆞ난지라길동이ᄃᆡ군을모라도셩의드러ᄀᆞᄇᆡᆨ셩을진무ᄒᆞ고율왕의ᄋᆞ달을ᄯᅩᄒᆞᆫ왕녜로ᄌᆞᆼᄉᆞᄒᆞ고각읍의ᄃᆡᄉᆞᄒᆞ고죄인을다방송ᄒᆞ며창고ᄅᆞᆯ열어ᄇᆡᆨ셩을진휼ᄒᆞ니일국이그덕을치하아니리업더라날을갈희여왕위예직ᄒᆞ고승상을츄존ᄒᆞ야ᄐᆡ조ᄃᆡ왕이라ᄒᆞ고능호ᄅᆞᆯ현덕능이라ᄒᆞ며그모친을왕ᄃᆡ비을봉ᄒᆞ고ᄇᆡᆨ용으로부원군을봉ᄒᆞ고ᄇᆡᆨ씨로즁젼왕비을봉ᄒᆞ고졍통양인으로졍슉비를봉ᄒᆞ고ᄉᆞᆷ호걸노ᄃᆡᄉᆞ마ᄃᆡ장군을봉ᄒᆞ야병마ᄅᆞᆯ총독케ᄒᆞ고김인슈로쳥쥬졀도ᄉᆞᄅᆞᆯᄒᆞ이시고ᄆᆡᆼ춘으로부원슈ᄅᆞᆯᄒᆞ이시고그나믄졔장은ᄎᆡ례로상ᄉᆞᄒᆞ니ᄒᆞᆫᄉᆞᄅᆞᆷ도칭원ᄒᆞ리업더라신왕이등국후의시화년풍ᄒᆞ고국ᄐᆡ민안ᄒᆞ여ᄉᆞ방의일이업고덕화ᄃᆡᄒᆡᆼᄒᆞ여도블십유ᄒᆞ더라,"길동이 삼군을 거느려 승전고를 울리며 본진으로 돌아와 군사를 호궤 후에 율도왕을 왕례로 장사하고, 삼군을 재촉하여 도성을 에워싸니, 율도왕의 장자 흉변을 듣고 하늘을 우러러 탄식하며 인하여 자결하니, 제신이 하릴없어 율도국 세수를 받들고 항복하는지라. 길동이 대군을 몰아 도성에 들어가 백성을 진무하고, 율도왕의 아들을 또한 왕례로 장사하고, 각 읍에 대사하고, 죄인을 다 방송하며, 창고를 열어 백성을 진휼하니, 일국이 그 덕을 치하 아니할 이 없더라.
날을 가리어 왕위에 직하고, 승상을 추존하여 태조왕이라 하고, 능호를 현덕능이라 하며, 모친을 왕대비로 봉하고, 백용으로 부원군을 봉하고, 백씨로 중전왕비로 봉하고, 정통 양인이로 정숙비를 봉하고, 삼호걸로 대사마 대장군을 봉하며 병마를 총독케 하고, 김인수로 청주절도사를 하시이고, 맹춘으로 부원수를 하시이고, 그 남은 제장은 차례로 상사하니 한 사람도 칭원할 이 없더라. 신왕이 등극 후에 시화연풍하고, 국태민안하여 사방에 일이 없고, 덕화대행하여 도불습유하더라."
ᄐᆡ평으로셰월을보ᄂᆡ더니슈십연후의ᄃᆡ왕ᄃᆡ비승하ᄒᆞ시니시년칠십ᄉᆞᆷ이라왕이못ᄂᆡᄋᆡ훼ᄒᆞ여예졀의지ᄂᆡ는효셩이신민을ᄀᆞᆷ동ᄒᆞ시더라현덕능의안장ᄒᆞ니라왕이ᄉᆞᆷᄌᆞ이녀ᄅᆞᆯ두시니장ᄌᆞ항이ᄂᆡ부의풍도잇ᄂᆞᆫ지라신민이다ᄉᆞᆫ두ᄀᆞᆺ치우럴거날장ᄌᆞ로ᄐᆡᄌᆞᄅᆞᆯ봉ᄒᆞ시고열읍의ᄃᆡᄉᆞᄒᆞᄉᆞᄐᆡ평연을ᄇᆡ셜ᄒᆞ고즐길ᄉᆡ왕의시년이칠십이라슐을나소와반ᄎᆔᄒᆞ신후의칼을잡고츔츄며노ᄅᆡᄒᆞ시니왈칼을잡고우슈의비계셔니남명이몃만니뇨ᄃᆡ붕이나라ᄂᆞ니부요풍이이는ᄯᅩᄃᆞ츔츄ᄂᆞᆫ소ᄆᆡ바ᄅᆞᆷ을ᄯᆞ라표표ᄒᆞ미여우이동편과ᄆᆡ복셔편이로다풍진을쓰러바리고ᄐᆡ평을일ᄉᆞᆷ으니경운이이러나고경셩이빗최이ᄂᆞᆫᄯᅩᄃᆞᄆᆡᆼ장이ᄉᆞ방을직케엇스미여도젹이지경을엿보리업ᄯᅩᄃᆞᄒᆞ엿더라이날왕위ᄅᆞᆯᄐᆡᄌᆞ의게젼ᄒᆞ시고다시각읍의ᄃᆡᄉᆞᄒᆞ니라,"태평으로 세월을 보내더니, 수십년 후에 대왕대비 승하하시니 시년 칠십삼이라. 왕이 못내 애훼하여 예절로 지내는 효성이 신민을 감동하시더라. 현덕능에 안장하니라. 왕이 잠자이녀를 두시니 장자 앙이 내부의 풍도 있는지라. 신민이 다 산두같이 우러르거늘, 장자로 태자를 봉하시고, 열읍에 대사하사 태평연을 배설하고 즐길새, 왕의시년이 칠십이라. 술을 내어 반취하신 후에 칼을 잡고 춤추며 노래하시니 왈,
""칼을 잡고 우수에 비겨서니
남명이 몇만리뇨.
대붕이 날아다니
부요풍이 이는도다.
춤추는 소매 바람을 따라 표표함이여,
우이 동편과 매복 서펀이로다.
풍진을 쓸어보리고 태평을 일삼으니
경운이 일어나고 경성이 비치는도다.
맹장이 사방을 지키었음이여,
도적이 지경을 엿보리 없도다.""
하였더라. 이날 왕위를 태자에게 전하시고 다시 각읍에 대사하니라."
도셩ᄉᆞᆷ십니밧긔월영ᄉᆞᆫ이잇스되예로븟터션인득도ᄒᆞᆫᄌᆡ초왕왕이머무러갈홍의연단ᄒᆞ던부억이잇고마고의승션ᄒᆞ던바희잇셔긔이ᄒᆞᆫ화훼와ᄒᆞᆫᄀᆞᄒᆞᆫ구름이항상머므ᄂᆞᆫ지라왕이그ᄉᆞᆫ슈ᄅᆞᆯᄉᆞᄅᆞᆼᄒᆞ고젹송ᄌᆞ를좃ᄎᆞ놀고져ᄒᆞ야그ᄉᆞᆫ즁의ᄉᆞᆷᄀᆞᆫ누각을지어ᄇᆡᆨ씨즁젼으로더부러쳐ᄒᆞ시며곡식을오직믈니치고쳔지졍긔을마셔션도ᄅᆞᆯᄇᆡ호ᄂᆞᆫ지라ᄐᆡᄌᆞ왕위예직ᄒᆞ여일삭의셰번식거동ᄒᆞ야부왕과모비젼의문후ᄒᆞ시더라,"도성 삼십리 밖에 월영산이 있으되, 예로부터 선인 득도한 자취 왕왕이 머물어, 갈홍의 연단하던 부엌이 있고, 마고의 승천하던 바위있어 기이한 화훼와 한가한 구름이 항상 머무는지라. 왕이 그 산수를 사랑하고 적송자를 따라 놀고자 하여, 그 산중에 삼간누각을 지어 백씨 중전으로 더불어 처하시며, 곡식을 오직 물리치고 천지정기를 마셔 선도를 배우는지라. 태자 왕위에 직하여 일삭에 세 번 거동하여 부왕과 모비전에 문후하시더라."
일일은뇌셩벽녁이쳔지진동ᄒᆞ며오ᄉᆡᆨ운무월영ᄉᆞᆫ을두루더니이윽ᄒᆞ야뇌셩이것고쳔지명낭ᄒᆞ며션학소ᄅᆡᄌᆞᄌᆞᄒᆞ더니ᄃᆡ왕모비ᄀᆞᆫ고싀업ᄂᆞᆫ지라왕이급피월영ᄉᆞᆫ의거동ᄒᆞ여보니종젹이막연ᄒᆞᆫ지라망극ᄒᆞᆫ마음을이긔지못ᄒᆞᄉᆞ공즁을향ᄒᆞ여무슈히호읍ᄒᆞ시더라ᄃᆡ왕의양위ᄅᆞᆯ현능의허장ᄒᆞ니ᄉᆞᄅᆞᆷ이다이르긔ᄅᆞᆯ우리ᄃᆡ왕읜션도ᄅᆞᆯ닷ᄀᆞᄇᆡᆨ일승쳔ᄒᆞ시다ᄒᆞ더라왕이ᄇᆡᆨ셩을ᄉᆞᄅᆞᆼᄒᆞᄉᆞ덕화ᄅᆞᆯ심쓰니일국이ᄐᆡ평ᄒᆞ야격량ᄀᆞᄅᆞᆯ일ᄉᆞ므니셩ᄌᆞ신손이계계승승ᄒᆞ여ᄐᆡ평으로지ᄂᆡ고조션홍승상ᄃᆡᆨᄃᆡ부인이말년의졸ᄒᆞ시니장ᄌᆞ길현이예졀을극진이ᄒᆞ여션ᄉᆞᆫ여록의장예ᄒᆞ고ᄉᆞᆷ연초토을지ᄂᆡᆫ후조졍의집권ᄒᆞ여초입ᄉᆞ의ᄒᆞᆫ림학ᄉᆞᄃᆡ간을겸ᄒᆞ고연속승ᄎᆞᄒᆞ여병조졍낭의셔홍문관교리슈ᄎᆞᆫ을겸ᄒᆞ고연ᄒᆞ여승직ᄒᆞ야승상을지ᄂᆡ니라이럿타시발복ᄒᆞ여ᄉᆞᆷᄐᆡ육경을지ᄂᆡ니영화일국의읏듬이나ᄆᆡ일친ᄉᆞᆫ을ᄉᆡᆼᄀᆞᆨᄒᆞ고동ᄉᆡᆨ을보고져ᄒᆞ되남북의길이갈이여스러ᄒᆞ믈마지아니ᄒᆞ더라미ᄌᆡ라길동의ᄒᆡᆼ어ᄉᆞ여쾌달ᄒᆞᆫ쟝부로다비록쳔ᄉᆡᆼ이나젹원을푸러ᄇᆞ리고효우ᄅᆞᆯ완젼이ᄒᆞ야신슈ᄅᆞᆯ쾌달ᄒᆞ니만고의희ᄒᆞᆫᄒᆞᆫ일이긔로후인이알게ᄒᆞᆫᄇᆡ러라,"일일은 뇌성벽력이 천지 진동하며, 오색운무 월영산을 두르더니, 이윽하여 뇌성이 걷고 천지 명랑하며 선학소리 자자하더니, 대왕 모비 간 곳이 없는지라. 왕이 급히 월영산에 거동하여 보니 종적이 막연한지라. 망극한 마음을 이기지 못하사 공중을 향하여 무수히 호읍하시다라. 대왕이 양외를 현릉에 허장하니 사람이 다 이르기를,
""우리 대왕은 선도를 닦아 백일승천하셨다.""
하더라.
왕이 백성을 사랑하사 덕화를 힘쓰니 일국이 태평하여 격양가를 일삼으니 성자신손이 계계승승하여 태평으로 지내고, 조선 홍승상댁 대부인이 말년에 졸하시니, 장차 길현이 예절을 극진히 하여 선산여록에 장례하고 삼년초토를 지낸 후, 조정에 집권하여 초입사에 한림학사 대간을 겸하고, 연속 승차하여 병조정랑에서 홍문관 교리 수찬을 겸하고, 연하여 승직하여 승상을 지내니라. 이렇듯이 발복하여 삼태육경을 지내니 영화 일국의 으뜸이나 매일 친산을 생각하고 동생을 보고자 하되 남북에 길이 갈리어 슬퍼함을 마지 아니하더라.
""미재라! 길동의 행어사여! 쾌달한 장부로다. 비록 천생이나 적원을 풀어 버리고, 효우를 완전히 하여 신수를 쾌달하니 만고에 희한한 일이기로 후인이 알게한 바이러라."""